Job Title,Location,Salary,Monthly Salary,Locality,State,Salary_Clean,Salary_Min,Salary_Max,Salary_Min_Annual,Salary_Max_Annual,Annual_Salary,Salary_Category
Robotics / STEM Trainer,"Indore, Madhya Pradesh","₹1,80,000 - ₹3,60,000 a year",270000.0,,Madhya Pradesh,180000 - 360000,180000.0,360000.0,180000.0,360000.0,270000.0,2L-3L
HTML Developers - Freshers,"Banaswadi, Bengaluru, Karnataka",,,Banaswadi,Karnataka,,,,,,,
Java Developers - Freshers,"Banaswadi, Bengaluru, Karnataka",,,Banaswadi,Karnataka,,,,,,,
"Teachers - Pre-Primary and Primary (English, Mathematics, EVS and Computers)","Pulivendla, Andhra Pradesh","₹20,000 - ₹30,000 a month",25000.0,,Andhra Pradesh,20000 - 30000 ,20000.0,30000.0,240000.0,360000.0,300000.0,2L-3L
College Student,Remote,"₹15,000 - ₹20,000 a month",17500.0,Remote,Remote,15000 - 20000 ,15000.0,20000.0,180000.0,240000.0,210000.0,2L-3L
Software Testers - Freshers,"Banaswadi, Bengaluru, Karnataka",,,Banaswadi,Karnataka,,,,,,,
Web Developer - Freshers,"Banaswadi, Bengaluru, Karnataka",,,Banaswadi,Karnataka,,,,,,,
Computer Operator and Data Entry - Freshers,"Banaswadi, Bengaluru, Karnataka",,,Banaswadi,Karnataka,,,,,,,
Back Office Assistant,Remote,"₹14,678 - ₹22,689 a month",18683.5,Remote,Remote,14678 - 22689 ,14678.0,22689.0,176136.0,272268.0,224202.0,2L-3L
Customer Service Officer,Remote,"From ₹12,800 a month",,Remote,Remote,From 12800 ,12800.0,,153600.0,,153600.0,Below 2L
Recruiter,Remote,"₹12,000 - ₹25,000 a month",18500.0,Remote,Remote,12000 - 25000 ,12000.0,25000.0,144000.0,300000.0,222000.0,2L-3L
Sales Advisor_ Work From Home,Remote,"₹10,000 - ₹25,000 a month",17500.0,Remote,Remote,10000 - 25000 ,10000.0,25000.0,120000.0,300000.0,210000.0,2L-3L
Junior Python Developer,"Kochi, Kerala","₹35,000 - ₹55,000 a month",45000.0,,Kerala,35000 - 55000 ,35000.0,55000.0,420000.0,660000.0,540000.0,Above 5L
Customer Support - Trainee,Remote,"₹3,00,000 - ₹6,00,000 a year",450000.0,Remote,Remote,300000 - 600000,300000.0,600000.0,300000.0,600000.0,450000.0,3L-5L
Fresher KYC Verification Executive,"Indraprastha H.O, Delhi, Delhi","₹17,000 - ₹23,000 a month",20000.0,Indraprastha H.O,Delhi,17000 - 23000 ,17000.0,23000.0,204000.0,276000.0,240000.0,2L-3L
Trainee,"Powai, Mumbai, Maharashtra","₹4,00,000 - ₹6,00,000 a year",500000.0,Powai,Maharashtra,400000 - 600000,400000.0,600000.0,400000.0,600000.0,500000.0,3L-5L
Chat Support Representative- Mohali,"Mohali, Punjab","₹30,000 - ₹35,000 a month",32500.0,,Punjab,30000 - 35000 ,30000.0,35000.0,360000.0,420000.0,390000.0,3L-5L
"Fresher (ITI , Diploma or Any Degree)","Erode, Tamil Nadu","₹12,000 - ₹15,000 a month",13500.0,,Tamil Nadu,12000 - 15000 ,12000.0,15000.0,144000.0,180000.0,162000.0,Below 2L
Python Intern Trainee,"Kulasegaram, Tamil Nadu","₹8,500 - ₹22,000 a month",15250.0,,Tamil Nadu,8500 - 22000 ,8500.0,22000.0,102000.0,264000.0,183000.0,Below 2L
Software Engineer Trainee - Freshers,"Tirunelveli, Tamil Nadu",,,,Tamil Nadu,,,,,,,
Programmer Trainee,Remote,"From ₹2,71,362.01 a year",,Remote,Remote,From 271362.01,271362.0,,271362.0,,271362.0,2L-3L
Quality Analyst,Remote,"₹2,80,000 - ₹3,50,000 a year",315000.0,Remote,Remote,280000 - 350000,280000.0,350000.0,280000.0,350000.0,315000.0,3L-5L
Data Entry Operator,"Hassan, Karnataka",,,,Karnataka,,,,,,,
Mobile App Developer - Freshers,"Banaswadi, Bengaluru, Karnataka",,,Banaswadi,Karnataka,,,,,,,
Mega Walk-in drive Customer Service Representative- Fresher's,"Noida, Uttar Pradesh","₹13,000 - ₹17,000 a month",15000.0,,Uttar Pradesh,13000 - 17000 ,13000.0,17000.0,156000.0,204000.0,180000.0,Below 2L
Python Developer Trainee,Kerala,,,Kerala,Kerala,,,,,,,
Junior Data Scientist,"Bengaluru, Karnataka","₹2,50,000 - ₹5,00,000 a year",375000.0,,Karnataka,250000 - 500000,250000.0,500000.0,250000.0,500000.0,375000.0,3L-5L
Digital Marketing - Freshers,"Banaswadi, Bengaluru, Karnataka",,,Banaswadi,Karnataka,,,,,,,
Receptionist,"Thrissur, Kerala",,,,Kerala,,,,,,,
Web Developer - Fresher,"Madurai, Tamil Nadu",,,,Tamil Nadu,,,,,,,
Document verification (office Fresher Applied Now),"Delhi Cantt, Delhi, Delhi","₹10,914.81 - ₹21,867.53 a month",16391.17,Delhi Cantt,Delhi,10914.81 - 21867.53 ,10914.0,21867.0,130968.0,262404.0,196686.0,Below 2L
Graduate Trainee,Remote,,,Remote,Remote,,,,,,,
Internship JOB Opening for freshers,Remote,"₹8,000 - ₹15,000 a month",11500.0,Remote,Remote,8000 - 15000 ,8000.0,15000.0,96000.0,180000.0,138000.0,Below 2L
Consultant Doctor,"Tirupati, Andhra Pradesh","₹20,000 - ₹25,000 a month",22500.0,,Andhra Pradesh,20000 - 25000 ,20000.0,25000.0,240000.0,300000.0,270000.0,2L-3L
Software Trainees,"Bengaluru, Karnataka",,,,Karnataka,,,,,,,
Back Office Assistant,"Pimpri-Chinchwad, Maharashtra","₹28,000 - ₹34,000 a month",31000.0,,Maharashtra,28000 - 34000 ,28000.0,34000.0,336000.0,408000.0,372000.0,3L-5L
Digital Marketing Intern,Remote,"₹10,000 - ₹15,000 a month",12500.0,Remote,Remote,10000 - 15000 ,10000.0,15000.0,120000.0,180000.0,150000.0,Below 2L
Fresher - Malayalam,"Coimbatore, Tamil Nadu","₹8,086.00 - ₹26,786.74 a month",17436.37,,Tamil Nadu,8086.00 - 26786.74 ,8086.0,26786.0,97032.0,321432.0,209232.0,2L-3L
Call Quality Analyst,"Bengaluru, Karnataka","₹4,00,000 - ₹5,00,000 a year",450000.0,,Karnataka,400000 - 500000,400000.0,500000.0,400000.0,500000.0,450000.0,3L-5L
Marketing Intern,"Anantapur, Andhra Pradesh",,,,Andhra Pradesh,,,,,,,
Junior Engineers(Freshers),"Kochi, Kerala",,,,Kerala,,,,,,,
Social Media Manager,Remote,"From ₹32,000 a month",,Remote,Remote,From 32000 ,32000.0,,384000.0,,384000.0,3L-5L
HR Assistant,"Madurai, Tamil Nadu","₹12,000 - ₹15,000 a month",13500.0,,Tamil Nadu,12000 - 15000 ,12000.0,15000.0,144000.0,180000.0,162000.0,Below 2L
Digital Marketing Intern,Remote,"₹2,000 - ₹5,000 a day",3500.0,Remote,Remote,2000 - 5000 ,2000.0,5000.0,730000.0,1825000.0,1277500.0,Above 5L
Fresh Graduates (Male),"Singanallur, Tamil Nadu",,,,Tamil Nadu,,,,,,,
Manager,"Idukki, Kerala",,,,Kerala,,,,,,,
Freshers - Trainee,"Hyderabad, Telangana",,,,Telangana,,,,,,,
Hiring Freshers for Bangalore Location ( Budget upto 45k inhand),"Bengaluru, Karnataka","₹30,000 - ₹50,000 a month",40000.0,,Karnataka,30000 - 50000 ,30000.0,50000.0,360000.0,600000.0,480000.0,3L-5L
Phone Banking Officer,"Jaipur, Rajasthan","₹2,00,000 - ₹3,50,000 a year",275000.0,,Rajasthan,200000 - 350000,200000.0,350000.0,200000.0,350000.0,275000.0,2L-3L
"Trainee Engineer, Fresher","Indore, Madhya Pradesh",,,,Madhya Pradesh,,,,,,,
Content Creator,Remote,"₹30,000 - ₹60,000 a month",45000.0,Remote,Remote,30000 - 60000 ,30000.0,60000.0,360000.0,720000.0,540000.0,Above 5L
Social Media Manager,Remote,"₹11,347.87 - ₹43,137.86 a month",27242.865,Remote,Remote,11347.87 - 43137.86 ,11347.0,43137.0,136164.0,517644.0,326904.0,3L-5L
Amazon Advertising Executive,"Thrissur, Kerala","₹14,000 - ₹17,500 a month",15750.0,,Kerala,14000 - 17500 ,14000.0,17500.0,168000.0,210000.0,189000.0,Below 2L
Software Engineer,"Pune, Maharashtra",,,,Maharashtra,,,,,,,
Administration/Office Manager,"Thrissur, Kerala","₹15,000 - ₹25,000 a month",20000.0,,Kerala,15000 - 25000 ,15000.0,25000.0,180000.0,300000.0,240000.0,2L-3L
Draftsman,India,₹8 - ₹10 an hour,,India,India,8 - 10 ,8.0,10.0,23360.0,29200.0,26280.0,Below 2L
Documents verification,"Vadapalani, Chennai, Tamil Nadu","₹15,000 - ₹30,000 a month",22500.0,Vadapalani,Tamil Nadu,15000 - 30000 ,15000.0,30000.0,180000.0,360000.0,270000.0,2L-3L
Software Developer Fresher,India,,,India,India,,,,,,,
E-Commerce works agency with Amazon PPC Ad management,Remote,"₹12,000.00 - ₹33,807.10 a month",22903.55,Remote,Remote,12000.00 - 33807.10 ,12000.0,33807.0,144000.0,405684.0,274842.0,2L-3L
Delivery Partner/Delivery Executive,"Manipala, Karnataka","₹20,000 - ₹45,000 a month",32500.0,,Karnataka,20000 - 45000 ,20000.0,45000.0,240000.0,540000.0,390000.0,3L-5L
Store & Purchase Executive,"Durgapur, West Bengal","₹20,000 - ₹40,000 a month",30000.0,,West Bengal,20000 - 40000 ,20000.0,40000.0,240000.0,480000.0,360000.0,3L-5L
Account Executive,"Muvattupuzha, Kerala","₹12,000 - ₹60,000 a month",36000.0,,Kerala,12000 - 60000 ,12000.0,60000.0,144000.0,720000.0,432000.0,3L-5L
Software Trainee,"Pollachi H.O, Tamil Nadu",,,,Tamil Nadu,,,,,,,
Need female graduates to train school student in Bandel,"Hugli, West Bengal","₹15,000 - ₹18,000 a month",16500.0,,West Bengal,15000 - 18000 ,15000.0,18000.0,180000.0,216000.0,198000.0,Below 2L
Billing Executive,"Idukki, Kerala","₹15,000 - ₹21,000 a month",18000.0,,Kerala,15000 - 21000 ,15000.0,21000.0,180000.0,252000.0,216000.0,2L-3L
Hotel Management Trainee,"Kottayam, Kerala","₹20,000 - ₹30,000 a month",25000.0,,Kerala,20000 - 30000 ,20000.0,30000.0,240000.0,360000.0,300000.0,2L-3L
FACULTY WANTED - COMMERCE,"Pollachi, Tamil Nadu","₹18,000 - ₹45,000 a month",31500.0,,Tamil Nadu,18000 - 45000 ,18000.0,45000.0,216000.0,540000.0,378000.0,3L-5L
Project Manager,Remote,"From ₹25,000 a month",,Remote,Remote,From 25000 ,25000.0,,300000.0,,300000.0,2L-3L
Editor,"Bengaluru, Karnataka","Up to ₹4,00,000 a year",,,Karnataka,Up to 400000,400000.0,,400000.0,,400000.0,3L-5L
Front Office,"Kochi, Kerala","₹20,000 - ₹25,000 a month",22500.0,,Kerala,20000 - 25000 ,20000.0,25000.0,240000.0,300000.0,270000.0,2L-3L
RTO Executive,"Erode, Tamil Nadu","₹16,000 - ₹20,000 a month",18000.0,,Tamil Nadu,16000 - 20000 ,16000.0,20000.0,192000.0,240000.0,216000.0,2L-3L
HR Co-ordinator,"Thrissur, Kerala","₹12,000 - ₹15,000 a month",13500.0,,Kerala,12000 - 15000 ,12000.0,15000.0,144000.0,180000.0,162000.0,Below 2L
Content Writers - Part Time,"Hubli, Karnataka",,,,Karnataka,,,,,,,
Video Editor,Remote,"₹5,000 - ₹7,000 a month",6000.0,Remote,Remote,5000 - 7000 ,5000.0,7000.0,60000.0,84000.0,72000.0,Below 2L
Delivery Partner/Delivery Executive,"Kochi, Kerala","₹15,000 - ₹45,000 a month",30000.0,,Kerala,15000 - 45000 ,15000.0,45000.0,180000.0,540000.0,360000.0,3L-5L
Fresher Software engineer at Technopark,"Thiruvananthapuram, Kerala","₹9,000 - ₹12,000 a month",10500.0,,Kerala,9000 - 12000 ,9000.0,12000.0,108000.0,144000.0,126000.0,Below 2L
AWS intern,Remote,,,Remote,Remote,,,,,,,
Video Editing Intern,Remote,"₹4,000 - ₹5,000 a month",4500.0,Remote,Remote,4000 - 5000 ,4000.0,5000.0,48000.0,60000.0,54000.0,Below 2L
Google Ads Executive(fresher/experience),"Ambli, Ahmedabad, Gujarat","Up to ₹35,000 a month",,Ambli,Gujarat,Up to 35000 ,35000.0,,420000.0,,420000.0,3L-5L
JET - Fresher Diploma Engineer(Mechanical/Fabrication/Production),"Surat, Gujarat","₹2,00,000 - ₹3,00,000 a year",250000.0,,Gujarat,200000 - 300000,200000.0,300000.0,200000.0,300000.0,250000.0,2L-3L
Executive Diploma Trainee,"Bengaluru, Karnataka",,,,Karnataka,,,,,,,
tellecaller,"Shimla, Himachal Pradesh","₹18,569 - ₹27,467 a month",23018.0,,Himachal Pradesh,18569 - 27467 ,18569.0,27467.0,222828.0,329604.0,276216.0,2L-3L
Supervisors/Incharges,"Pudukkottai, Tamil Nadu",,,,Tamil Nadu,,,,,,,
Junior Business Analyst,"Udumalaippettai, Tamil Nadu","Up to ₹10,000 a month",,,Tamil Nadu,Up to 10000 ,10000.0,,120000.0,,120000.0,Below 2L
Computer Faculty,Remote,"From ₹10,000 a month",,Remote,Remote,From 10000 ,10000.0,,120000.0,,120000.0,Below 2L
Process Associate,"Bhubaneswar, Orissa","₹1,00,000 - ₹2,20,000 a year",160000.0,,Orissa,100000 - 220000,100000.0,220000.0,100000.0,220000.0,160000.0,Below 2L
Fresher IT Software Training in Infopark,"Kochi, Kerala","₹9,000 - ₹15,000 a month",12000.0,,Kerala,9000 - 15000 ,9000.0,15000.0,108000.0,180000.0,144000.0,Below 2L
Hotel Management Trainee,"Thiruvananthapuram, Kerala","₹24,000 - ₹32,000 a month",28000.0,,Kerala,24000 - 32000 ,24000.0,32000.0,288000.0,384000.0,336000.0,3L-5L
Kyc Verification Executive Fresher,"Naraina, Delhi, Delhi",,,Naraina,Delhi,,,,,,,
Video Editor,Remote,"₹10,000 - ₹15,000 a month",12500.0,Remote,Remote,10000 - 15000 ,10000.0,15000.0,120000.0,180000.0,150000.0,Below 2L
Business Development Associate,"Bengaluru, Karnataka","₹4,50,000 - ₹5,00,000 a year",475000.0,,Karnataka,450000 - 500000,450000.0,500000.0,450000.0,500000.0,475000.0,3L-5L
Hindi Content Writer Intern.,Remote,"₹10,000 a month",10000.0,Remote,Remote,10000 ,10000.0,,120000.0,,120000.0,Below 2L
Digital Marketing Intern,Remote,"₹5,000 - ₹6,000 a month",5500.0,Remote,Remote,5000 - 6000 ,5000.0,6000.0,60000.0,72000.0,66000.0,Below 2L
Delivery Partner/Delivery Executive,"Mangalore, Karnataka","₹20,000 - ₹60,000 a month",40000.0,,Karnataka,20000 - 60000 ,20000.0,60000.0,240000.0,720000.0,480000.0,3L-5L
Social Media Intern (Remote),Remote,"₹4,900 - ₹5,000 a month",4950.0,Remote,Remote,4900 - 5000 ,4900.0,5000.0,58800.0,60000.0,59400.0,Below 2L
Summer Internship Programme,"Mohali, Punjab","From ₹10,000 a month",,,Punjab,From 10000 ,10000.0,,120000.0,,120000.0,Below 2L
Wanted female office assistants,"Gandhipuram, Coimbatore, Tamil Nadu","From ₹17,000 a month",,Gandhipuram,Tamil Nadu,From 17000 ,17000.0,,204000.0,,204000.0,2L-3L
UI/UX Freshers (2024),Remote,"₹5,00,000 a year",500000.0,Remote,Remote,500000,500000.0,,500000.0,,500000.0,3L-5L
Graphic Designer Internship,Remote,"₹7,000 - ₹10,000 a month",8500.0,Remote,Remote,7000 - 10000 ,7000.0,10000.0,84000.0,120000.0,102000.0,Below 2L
Trainee,"Rampur, Uttar Pradesh",,,,Uttar Pradesh,,,,,,,
Digital Marketing Intern/Fresher,Delhi,"Up to ₹10,000 a month",,Delhi,Delhi,Up to 10000 ,10000.0,,120000.0,,120000.0,Below 2L
Data Entry Operators,Delhi,,,Delhi,Delhi,,,,,,,
Content Creator Intern,Remote,"₹5,000 - ₹10,000 a month",7500.0,Remote,Remote,5000 - 10000 ,5000.0,10000.0,60000.0,120000.0,90000.0,Below 2L
QA/QC Trainee,"Vadodara, Gujarat",,,,Gujarat,,,,,,,
Document verification,"Nesapakkam, Chennai, Tamil Nadu","₹15,000 a month",15000.0,Nesapakkam,Tamil Nadu,15000 ,15000.0,,180000.0,,180000.0,Below 2L
Digital Marketing Manager,Remote,"₹32,500 - ₹36,500 a month",34500.0,Remote,Remote,32500 - 36500 ,32500.0,36500.0,390000.0,438000.0,414000.0,3L-5L
Freshers - Delhi,"Delhi, Delhi","₹7,50,000 a year",750000.0,,Delhi,750000,750000.0,,750000.0,,750000.0,Above 5L
QA Engineer Fresher,"Pune, Maharashtra","₹20,000 - ₹30,000 a month",25000.0,,Maharashtra,20000 - 30000 ,20000.0,30000.0,240000.0,360000.0,300000.0,2L-3L
Social Media Intern,Remote,"₹8,086.00 - ₹22,129.77 a month",15107.885,Remote,Remote,8086.00 - 22129.77 ,8086.0,22129.0,97032.0,265548.0,181290.0,Below 2L
Receptionist Front Desk,"Delhi, Delhi","From ₹35,000 a month",,,Delhi,From 35000 ,35000.0,,420000.0,,420000.0,3L-5L
Derivatives Trader,Delhi,,,Delhi,Delhi,,,,,,,
Document verification fresher apply now,"Gurugram, Haryana","₹11,109.96 - ₹32,719.16 a month",21914.56,,Haryana,11109.96 - 32719.16 ,11109.0,32719.0,133308.0,392628.0,262968.0,2L-3L
Technical Support Engineer,"Bengaluru, Karnataka","₹24,000 - ₹43,000 a month",33500.0,,Karnataka,24000 - 43000 ,24000.0,43000.0,288000.0,516000.0,402000.0,3L-5L
Freshers / Internship,"Pune, Maharashtra",,,,Maharashtra,,,,,,,
Shipment /Pricing/ Documentation Executive - (Freshers can apply),"Tambaram West, Chennai, Tamil Nadu",,,Tambaram West,Tamil Nadu,,,,,,,
Fresher software tester internship,"Kochi, Kerala","₹10,000 - ₹15,000 a month",12500.0,,Kerala,10000 - 15000 ,10000.0,15000.0,120000.0,180000.0,150000.0,Below 2L
Fresher Engineer,"Pune, Maharashtra",,,,Maharashtra,,,,,,,
Python - Fresher,"Pune, Maharashtra",,,,Maharashtra,,,,,,,
Graduate Student,"Kochi, Kerala","₹10,000 - ₹15,000 a month",12500.0,,Kerala,10000 - 15000 ,10000.0,15000.0,120000.0,180000.0,150000.0,Below 2L
FRESHERS BOOTCAMP Job oriented Program,Remote,,,Remote,Remote,,,,,,,
Project Manager,"Madurai, Tamil Nadu","₹15,000 - ₹35,000 a month",25000.0,,Tamil Nadu,15000 - 35000 ,15000.0,35000.0,180000.0,420000.0,300000.0,2L-3L
Cyber Security Trainee,India,"₹20,000 a month",20000.0,India,India,20000 ,20000.0,,240000.0,,240000.0,2L-3L
SEO Intern/Trainee,Remote,,,Remote,Remote,,,,,,,
Corporate Assistant - Freshers,"Banaswadi, Bengaluru, Karnataka",,,Banaswadi,Karnataka,,,,,,,
Trainee Software Developer Fresher,"Vadodara, Gujarat",,,,Gujarat,,,,,,,
TRAINEE ENGINEER- NETWORK SECURITY,"Bengaluru, Karnataka","₹4,00,000 a year",400000.0,,Karnataka,400000,400000.0,,400000.0,,400000.0,3L-5L
IT fresher(Trainee engineer),"Bengaluru, Karnataka","₹2,50,000 - ₹3,00,000 a year",275000.0,,Karnataka,250000 - 300000,250000.0,300000.0,250000.0,300000.0,275000.0,2L-3L
SEO Executive,Remote,"₹5,000 - ₹8,000 a month",6500.0,Remote,Remote,5000 - 8000 ,5000.0,8000.0,60000.0,96000.0,78000.0,Below 2L
Trainee - Junior Data Analyst,"Coimbatore, Tamil Nadu",,,,Tamil Nadu,,,,,,,
Java Fresher,Karnataka,,,Karnataka,Karnataka,,,,,,,
Academic Advisor (Work from Home),"Perumbavoor, Kerala","₹12,000 - ₹25,000 a month",18500.0,,Kerala,12000 - 25000 ,12000.0,25000.0,144000.0,300000.0,222000.0,2L-3L
Research Analyst (Fresher),"Noida, Uttar Pradesh","₹3,50,000 a year",350000.0,,Uttar Pradesh,350000,350000.0,,350000.0,,350000.0,3L-5L
Social Media Manager,Remote,"₹6,500 - ₹17,000 a month",11750.0,Remote,Remote,6500 - 17000 ,6500.0,17000.0,78000.0,204000.0,141000.0,Below 2L
QA Fresher,"Ahmedabad, Gujarat","Up to ₹2,50,000 a year",,,Gujarat,Up to 250000,250000.0,,250000.0,,250000.0,2L-3L
Google Ads Specialist,"Ahmedabad, Gujarat","₹4,00,000 - ₹7,00,000 a year",550000.0,,Gujarat,400000 - 700000,400000.0,700000.0,400000.0,700000.0,550000.0,Above 5L
Alt-Text Writer - General,Remote,"₹20,000 - ₹25,000 a month",22500.0,Remote,Remote,20000 - 25000 ,20000.0,25000.0,240000.0,300000.0,270000.0,2L-3L
Talent Acquisition Specialist- Freshers,Remote,,,Remote,Remote,,,,,,,
Accounts Assistant,"Pollachi, Tamil Nadu","From ₹15,000 a month",,,Tamil Nadu,From 15000 ,15000.0,,180000.0,,180000.0,Below 2L
Graduate Trainee (full Time),Goa,"₹3,25,000 - ₹4,75,000 a year",400000.0,Goa,Goa,325000 - 475000,325000.0,475000.0,325000.0,475000.0,400000.0,3L-5L
Voice Process Trainee,Remote,"₹10,000 - ₹25,000 a month",17500.0,Remote,Remote,10000 - 25000 ,10000.0,25000.0,120000.0,300000.0,210000.0,2L-3L
Quality Engineer Trainee,"Bommasandra Industrial Estate, Bengaluru, Karnataka","₹4,00,000 a year",400000.0,Bommasandra Industrial Estate,Karnataka,400000,400000.0,,400000.0,,400000.0,3L-5L
freshers,"Aruppukkottai, Tamil Nadu","₹7,000 - ₹10,000 a month",8500.0,,Tamil Nadu,7000 - 10000 ,7000.0,10000.0,84000.0,120000.0,102000.0,Below 2L
Finance Intern,Remote,"₹10,000 - ₹20,000 a month",15000.0,Remote,Remote,10000 - 20000 ,10000.0,20000.0,120000.0,240000.0,180000.0,Below 2L
HR Recruiter,Remote,"₹10,000 - ₹15,000 a month",12500.0,Remote,Remote,10000 - 15000 ,10000.0,15000.0,120000.0,180000.0,150000.0,Below 2L
Power BI – Fresher,"Mumbai, Maharashtra",,,,Maharashtra,,,,,,,
Field Officer,"Kokrajhar, Assam","₹15,000 a month",15000.0,,Assam,15000 ,15000.0,,180000.0,,180000.0,Below 2L
HR Executive Fresher,Remote,"From ₹9,306.88 a month",,Remote,Remote,From 9306.88 ,9306.0,,111672.0,,111672.0,Below 2L
Jewel Data Entry,"Kavundampalayam, Coimbatore, Tamil Nadu","₹10,000 - ₹17,000 a month",13500.0,Kavundampalayam,Tamil Nadu,10000 - 17000 ,10000.0,17000.0,120000.0,204000.0,162000.0,Below 2L
Operations Co-ordinator,"Kottayam, Kerala","₹15,000 - ₹20,000 a month",17500.0,,Kerala,15000 - 20000 ,15000.0,20000.0,180000.0,240000.0,210000.0,2L-3L
Data Analyst,"Tambaram, Chennai, Tamil Nadu","₹18,000 - ₹36,000 a month",27000.0,Tambaram,Tamil Nadu,18000 - 36000 ,18000.0,36000.0,216000.0,432000.0,324000.0,3L-5L
Fresher opening for Manual Testing,"Ashapur, Varanasi, Uttar Pradesh","₹10,161.00 - ₹30,193.25 a month",20177.125,Ashapur,Uttar Pradesh,10161.00 - 30193.25 ,10161.0,30193.0,121932.0,362316.0,242124.0,2L-3L
Quality Analyst,"Kottivakkam, Chennai, Tamil Nadu","₹17,800 - ₹35,900 a month",26850.0,Kottivakkam,Tamil Nadu,17800 - 35900 ,17800.0,35900.0,213600.0,430800.0,322200.0,3L-5L
Production Fresher,"Chakan, Pune, Maharashtra","₹20,000 - ₹25,000 a month",22500.0,Chakan,Maharashtra,20000 - 25000 ,20000.0,25000.0,240000.0,300000.0,270000.0,2L-3L
GET (Graduate Engineer Trainee),"Bengaluru, Karnataka","₹1,00,000 - ₹1,20,000 a year",110000.0,,Karnataka,100000 - 120000,100000.0,120000.0,100000.0,120000.0,110000.0,Below 2L
jewellery cad designer,Remote,"₹15,000 - ₹30,000 a month",22500.0,Remote,Remote,15000 - 30000 ,15000.0,30000.0,180000.0,360000.0,270000.0,2L-3L
IT Recruiters – Freshers,"Bengaluru, Karnataka",,,,Karnataka,,,,,,,
Factory Helpers / Helpers,"Bengaluru, Karnataka","₹14,700 - ₹20,650 a month",17675.0,,Karnataka,14700 - 20650 ,14700.0,20650.0,176400.0,247800.0,212100.0,2L-3L
Fresher Software Developer,"Gadarwara, Madhya Pradesh",,,,Madhya Pradesh,,,,,,,
Project Manager,"Bengaluru, Karnataka",,,,Karnataka,,,,,,,
Data Analyst,"Saidapet, Chennai, Tamil Nadu","₹17,500 - ₹30,000 a month",23750.0,Saidapet,Tamil Nadu,17500 - 30000 ,17500.0,30000.0,210000.0,360000.0,285000.0,2L-3L
TEACHER,"Cannanore, Kerala","₹10,000 - ₹30,000 a month",20000.0,,Kerala,10000 - 30000 ,10000.0,30000.0,120000.0,360000.0,240000.0,2L-3L
Hybrid Mobile App Developer,"Kuzhittura, Tamil Nadu","₹8,000 - ₹35,000 a month",21500.0,,Tamil Nadu,8000 - 35000 ,8000.0,35000.0,96000.0,420000.0,258000.0,2L-3L
Fellow - GI-HPB Surgery,"Kolkata, West Bengal",,,,West Bengal,,,,,,,
Digital and AI Marketing Service Executive,Remote,"₹25,000 - ₹60,000 a month",42500.0,Remote,Remote,25000 - 60000 ,25000.0,60000.0,300000.0,720000.0,510000.0,Above 5L
Freshers and Experience can apply,"Patan, Gujarat","₹12,000 - ₹35,000 a month",23500.0,,Gujarat,12000 - 35000 ,12000.0,35000.0,144000.0,420000.0,282000.0,2L-3L
Remote IT Talent Sourcer (Fresher),Remote,,,Remote,Remote,,,,,,,
Freelance Contributor,Remote,"₹2,000 - ₹5,000 a month",3500.0,Remote,Remote,2000 - 5000 ,2000.0,5000.0,24000.0,60000.0,42000.0,Below 2L
Freelance Recruiter,Remote,"Up to ₹42,000 a month",,Remote,Remote,Up to 42000 ,42000.0,,504000.0,,504000.0,Above 5L
Customer Service Executive,"Whitefield, Bengaluru, Karnataka","₹2,50,000 - ₹3,80,000 a year",315000.0,Whitefield,Karnataka,250000 - 380000,250000.0,380000.0,250000.0,380000.0,315000.0,3L-5L
Process Associates – BPO Non-voice,"Coimbatore, Tamil Nadu",,,,Tamil Nadu,,,,,,,
Developer Trainee,"Cannanore, Kerala",,,,Kerala,,,,,,,
Flutter Intern,"Padmanabhapuram, Tamil Nadu",,,,Tamil Nadu,,,,,,,
Delivery Partner/Delivery Executive,"Madurai, Tamil Nadu","₹15,000 - ₹45,000 a month",30000.0,,Tamil Nadu,15000 - 45000 ,15000.0,45000.0,180000.0,540000.0,360000.0,3L-5L
Management Trainee,Remote,"₹5,00,000 - ₹8,00,000 a year",650000.0,Remote,Remote,500000 - 800000,500000.0,800000.0,500000.0,800000.0,650000.0,Above 5L
Visa submission officer - Operations,"Puducherry, Puducherry","₹19,000 - ₹20,000 a month",19500.0,,Puducherry,19000 - 20000 ,19000.0,20000.0,228000.0,240000.0,234000.0,2L-3L
Intern/ Trainee Mobile Development,"Delhi, Delhi",,,,Delhi,,,,,,,
Drug Safety Associate,"Nashik, Maharashtra","₹28,086.00 - ₹40,714.29 a month",34400.145,,Maharashtra,28086.00 - 40714.29 ,28086.0,40714.0,337032.0,488568.0,412800.0,3L-5L
MEP Supervisor,"Chennai, Tamil Nadu","₹15,000 - ₹30,000 a month",22500.0,,Tamil Nadu,15000 - 30000 ,15000.0,30000.0,180000.0,360000.0,270000.0,2L-3L
Accounts Assistant,"Calicut, Kerala",,,,Kerala,,,,,,,
Fresher Mern Stack Developer,"Kochi, Kerala","₹10,000 - ₹13,000 a month",11500.0,,Kerala,10000 - 13000 ,10000.0,13000.0,120000.0,156000.0,138000.0,Below 2L
Data Entry Operator/Computer Operator,"Thiruvananthapuram, Kerala","₹14,000 - ₹16,000 a month",15000.0,,Kerala,14000 - 16000 ,14000.0,16000.0,168000.0,192000.0,180000.0,Below 2L
Delivery Partner/Delivery Executive,"Thrissur, Kerala","₹15,000 - ₹45,000 a month",30000.0,,Kerala,15000 - 45000 ,15000.0,45000.0,180000.0,540000.0,360000.0,3L-5L
Artificial Intelligence Researcher - Freshers,"Banaswadi, Bengaluru, Karnataka",,,Banaswadi,Karnataka,,,,,,,
BCA Fresher,"Bellandur, Bengaluru, Karnataka","₹2,00,000 - ₹4,00,000 a year",300000.0,Bellandur,Karnataka,200000 - 400000,200000.0,400000.0,200000.0,400000.0,300000.0,2L-3L
TRAINEE ENGINEER,"Thiruvananthapuram, Kerala",,,,Kerala,,,,,,,
HR Internship,"Bengaluru, Karnataka","₹5,000 - ₹10,000 a month",7500.0,,Karnataka,5000 - 10000 ,5000.0,10000.0,60000.0,120000.0,90000.0,Below 2L
Product Intern,Remote,,,Remote,Remote,,,,,,,
Research Associate,"Kharadi, Pune, Maharashtra","₹20,000 - ₹40,000 a month",30000.0,Kharadi,Maharashtra,20000 - 40000 ,20000.0,40000.0,240000.0,480000.0,360000.0,3L-5L
Jr. PHP Developer (Fresher with 3-6 months training in PHP),"Mohali, Punjab","₹10,000 - ₹25,000 a month",17500.0,,Punjab,10000 - 25000 ,10000.0,25000.0,120000.0,300000.0,210000.0,2L-3L
Service Engineer - Fresher (ITI or Diploma or Any Degree),"Hyderabad, Telangana","₹18,000 - ₹25,000 a month",21500.0,,Telangana,18000 - 25000 ,18000.0,25000.0,216000.0,300000.0,258000.0,2L-3L
MBA Fresher,"Dharwad District, Karnataka","₹10,000 - ₹15,000 a month",12500.0,,Karnataka,10000 - 15000 ,10000.0,15000.0,120000.0,180000.0,150000.0,Below 2L
Vacancy For Fresher - Nathdwara Rajasthan,"Rajsamand, Rajasthan","₹12,000 - ₹14,000 a month",13000.0,,Rajasthan,12000 - 14000 ,12000.0,14000.0,144000.0,168000.0,156000.0,Below 2L
Billing Manager,"Ramanathapuram, Tamil Nadu","₹6,500 - ₹8,500 a month",7500.0,,Tamil Nadu,6500 - 8500 ,6500.0,8500.0,78000.0,102000.0,90000.0,Below 2L
SALES & GODOWN WORK,"Thiruvarur, Tamil Nadu","₹15,000 - ₹25,000 a month",20000.0,,Tamil Nadu,15000 - 25000 ,15000.0,25000.0,180000.0,300000.0,240000.0,2L-3L
Business Development,Remote,"From ₹30,000 a month",,Remote,Remote,From 30000 ,30000.0,,360000.0,,360000.0,3L-5L
Quality Analyst / Software Tester / Manual Tester,Delhi,,,Delhi,Delhi,,,,,,,
Immediate hiring for freshers,"Coimbatore, Tamil Nadu","From ₹10,000 a month",,,Tamil Nadu,From 10000 ,10000.0,,120000.0,,120000.0,Below 2L
HR Recruiter (IT/Non IT) Freshers,"Bengaluru, Karnataka","₹2,50,000 a year",250000.0,,Karnataka,250000,250000.0,,250000.0,,250000.0,2L-3L
Sales Executive- Freshers can apply,"Coimbatore, Tamil Nadu","₹15,000 - ₹20,000 a month",17500.0,,Tamil Nadu,15000 - 20000 ,15000.0,20000.0,180000.0,240000.0,210000.0,2L-3L
Coding Freshers,India,,,India,India,,,,,,,
Data Mining (Freshers from Nagpur Location Only),"Nagpur, Maharashtra","₹8,500 - ₹12,000 a month",10250.0,,Maharashtra,8500 - 12000 ,8500.0,12000.0,102000.0,144000.0,123000.0,Below 2L
Power App Trainee (Freshers),"Thiruvananthapuram, Kerala","₹12,000 - ₹25,000 a month",18500.0,,Kerala,12000 - 25000 ,12000.0,25000.0,144000.0,300000.0,222000.0,2L-3L
Technical fresher,"Noida, Uttar Pradesh",,,,Uttar Pradesh,,,,,,,
Data Entry Operator Fresher,"Udyog Bhawan, Delhi, Delhi","₹16,000 - ₹20,000 a month",18000.0,Udyog Bhawan,Delhi,16000 - 20000 ,16000.0,20000.0,192000.0,240000.0,216000.0,2L-3L
Medical Biller - DME USA,"Delhi, Delhi","₹20,000 a month",20000.0,,Delhi,20000 ,20000.0,,240000.0,,240000.0,2L-3L
Logistics Executive,"Kochi, Kerala",,,,Kerala,,,,,,,
Area Executive (Agri / Milk Procurement),"Bijawar, Madhya Pradesh",,,,Madhya Pradesh,,,,,,,
Full Stack Development Intern,"Lucknow, Uttar Pradesh","Up to ₹3,00,000 a year",,,Uttar Pradesh,Up to 300000,300000.0,,300000.0,,300000.0,2L-3L
Data Entry Operator,"Balasore, Orissa",,,,Orissa,,,,,,,
Marketing Intern,"Ramanathapuram, Tamil Nadu","₹8,000 - ₹10,000 a month",9000.0,,Tamil Nadu,8000 - 10000 ,8000.0,10000.0,96000.0,120000.0,108000.0,Below 2L
Management Trainee- Investments & Life Insurance for Australian Shift (Vadodara Only),"Vadodara, Gujarat","₹17,000 - ₹30,000 a month",23500.0,,Gujarat,17000 - 30000 ,17000.0,30000.0,204000.0,360000.0,282000.0,2L-3L
Data entry fresher apply now,"Noida, Uttar Pradesh","₹9,121.02 - ₹36,967.77 a month",23044.395,,Uttar Pradesh,9121.02 - 36967.77 ,9121.0,36967.0,109452.0,443604.0,276528.0,2L-3L
Personal assistant,"Delhi, Delhi","₹30,000 - ₹35,000 a month",32500.0,,Delhi,30000 - 35000 ,30000.0,35000.0,360000.0,420000.0,390000.0,3L-5L
Greenpeace NGO - Fundraiser,"Bengaluru, Karnataka","₹27,000 - ₹30,000 a month",28500.0,,Karnataka,27000 - 30000 ,27000.0,30000.0,324000.0,360000.0,342000.0,3L-5L
Fresher_Mumbai_Bhartiyavidya peeth,"Mumbai, Maharashtra",,,,Maharashtra,,,,,,,
Programmer,"Ashok Vihar, Delhi, Delhi","₹22,000 - ₹25,000 a month",23500.0,Ashok Vihar,Delhi,22000 - 25000 ,22000.0,25000.0,264000.0,300000.0,282000.0,2L-3L
Freshers - Content writter,"Chinna Chokkikulam, Madurai, Tamil Nadu","₹10,000 - ₹15,000 a month",12500.0,Chinna Chokkikulam,Tamil Nadu,10000 - 15000 ,10000.0,15000.0,120000.0,180000.0,150000.0,Below 2L
Service Engineer( Freshers can apply),"Coimbatore, Tamil Nadu","₹12,000 - ₹25,000 a month",18500.0,,Tamil Nadu,12000 - 25000 ,12000.0,25000.0,144000.0,300000.0,222000.0,2L-3L
Business Development Associate,"Bengaluru, Karnataka","₹18,000 - ₹28,000 a month",23000.0,,Karnataka,18000 - 28000 ,18000.0,28000.0,216000.0,336000.0,276000.0,2L-3L
Junior Software Engineer,"Chennai, Tamil Nadu","From ₹2,14,538.36 a year",,,Tamil Nadu,From 214538.36,214538.0,,214538.0,,214538.0,2L-3L
Wanted Freshers from Nagamalai Pudukottai and nearby areas,"Madurai, Tamil Nadu","₹8,000 - ₹10,000 a month",9000.0,,Tamil Nadu,8000 - 10000 ,8000.0,10000.0,96000.0,120000.0,108000.0,Below 2L
Duty Officer,"Kochi, Kerala","₹18,000 - ₹23,000 a month",20500.0,,Kerala,18000 - 23000 ,18000.0,23000.0,216000.0,276000.0,246000.0,2L-3L
Front Office Executive,"Sholinghur, Tamil Nadu","From ₹16,000 a month",,,Tamil Nadu,From 16000 ,16000.0,,192000.0,,192000.0,Below 2L
Fresher Operations Analyst (Construction),"Bengaluru, Karnataka","₹5,50,000 - ₹6,00,000 a year",575000.0,,Karnataka,550000 - 600000,550000.0,600000.0,550000.0,600000.0,575000.0,Above 5L
Flutter Developer Intern,Remote,"₹13,192.39 - ₹62,082.66 a month",37637.525,Remote,Remote,13192.39 - 62082.66 ,13192.0,62082.0,158304.0,744984.0,451644.0,3L-5L
Australian Accounting - Fresher,"Ahmedabad, Gujarat","₹15,000 - ₹50,000 a month",32500.0,,Gujarat,15000 - 50000 ,15000.0,50000.0,180000.0,600000.0,390000.0,3L-5L
Accounts Assistant,"Kollam, Kerala","₹12,000 - ₹15,000 a month",13500.0,,Kerala,12000 - 15000 ,12000.0,15000.0,144000.0,180000.0,162000.0,Below 2L
Female Kannada Telecalling Associate,"Shimoga, Karnataka",,,,Karnataka,,,,,,,
Trainee Application Support Executive (WFH),"Pune, Maharashtra","₹10,000 - ₹15,000 a month",12500.0,,Maharashtra,10000 - 15000 ,10000.0,15000.0,120000.0,180000.0,150000.0,Below 2L
freshers Intern,"Amravati, Maharashtra",,,,Maharashtra,,,,,,,
Pay Per Click / Google Adwords Expert / Performance Marketing,"Okhla, Delhi, Delhi",,,Okhla,Delhi,,,,,,,
Marketing Assistant,Remote,"₹15,000 - ₹20,000 a month",17500.0,Remote,Remote,15000 - 20000 ,15000.0,20000.0,180000.0,240000.0,210000.0,2L-3L
Ticketing Executive,"Kurukshetra, Haryana","₹10,000 - ₹22,000 a month",16000.0,,Haryana,10000 - 22000 ,10000.0,22000.0,120000.0,264000.0,192000.0,Below 2L
Quality Analyst,"Saravanampatti, Coimbatore, Tamil Nadu",,,Saravanampatti,Tamil Nadu,,,,,,,
Software Trainee,"Chennai, Tamil Nadu","From ₹3,00,000 a year",,,Tamil Nadu,From 300000,300000.0,,300000.0,,300000.0,2L-3L
Scientific Analyst - Trainee,Remote,,,Remote,Remote,,,,,,,
Business Development Associate (BDA),"Peelamedu, Coimbatore, Tamil Nadu","₹12,000 - ₹25,000 a month",18500.0,Peelamedu,Tamil Nadu,12000 - 25000 ,12000.0,25000.0,144000.0,300000.0,222000.0,2L-3L
Trainee Software Engineer,"Bengaluru, Karnataka",,,,Karnataka,,,,,,,
Student Counsellor,"Kochi, Kerala","₹15,000 - ₹30,000 a month",22500.0,,Kerala,15000 - 30000 ,15000.0,30000.0,180000.0,360000.0,270000.0,2L-3L
Quality Control - Trainee,"Verna, Goa",,,,Goa,,,,,,,
Cast Member,"Tenkasi, Tamil Nadu","₹1,000 - ₹5,000 a day",3000.0,,Tamil Nadu,1000 - 5000 ,1000.0,5000.0,365000.0,1825000.0,1095000.0,Above 5L
Accounts Assistant,"Borivali East, Mumbai, Maharashtra","₹10,000 - ₹20,000 a month",15000.0,Borivali East,Maharashtra,10000 - 20000 ,10000.0,20000.0,120000.0,240000.0,180000.0,Below 2L
Front Office,"Chamba, Himachal Pradesh","₹20,000 - ₹25,000 a month",22500.0,,Himachal Pradesh,20000 - 25000 ,20000.0,25000.0,240000.0,300000.0,270000.0,2L-3L
Germany Physiotherapist,"Noida, Uttar Pradesh","₹2,00,000 a month",200000.0,,Uttar Pradesh,200000 ,200000.0,,2400000.0,,2400000.0,Above 5L
Vacancy for BA/BBA/BCA/BSc Fresher graduates,"Baddi, Himachal Pradesh","₹1,00,000 - ₹1,50,000 a year",125000.0,,Himachal Pradesh,100000 - 150000,100000.0,150000.0,100000.0,150000.0,125000.0,Below 2L
Packaging- Technical Trainee,"Jammu, Jammu and Kashmir",,,,Jammu and Kashmir,,,,,,,
Data Entry Operator,Delhi,,,Delhi,Delhi,,,,,,,
Pick Packer,"Pappanaickenpalayam, Coimbatore, Tamil Nadu","₹7,000 - ₹11,000 a month",9000.0,Pappanaickenpalayam,Tamil Nadu,7000 - 11000 ,7000.0,11000.0,84000.0,132000.0,108000.0,Below 2L
Office Work Experience,"Samastipur, Bihar","From ₹10,000 a month",,,Bihar,From 10000 ,10000.0,,120000.0,,120000.0,Below 2L
Graduate Trainee,"Noida, Uttar Pradesh",,,,Uttar Pradesh,,,,,,,
Quality Control,"Borivali East, Mumbai, Maharashtra",,,Borivali East,Maharashtra,,,,,,,
Front Office Executives and Interns,"Kottayam, Kerala","From ₹22,000 a month",,,Kerala,From 22000 ,22000.0,,264000.0,,264000.0,2L-3L
Cashier,"Perambalur, Tamil Nadu","From ₹15,000 a month",,,Tamil Nadu,From 15000 ,15000.0,,180000.0,,180000.0,Below 2L
Commis 3,"Vasai, Maharashtra","₹8,000 - ₹12,000 a month",10000.0,,Maharashtra,8000 - 12000 ,8000.0,12000.0,96000.0,144000.0,120000.0,Below 2L
Academic Advisor - Female,"Kochi, Kerala","₹20,000 - ₹26,000 a month",23000.0,,Kerala,20000 - 26000 ,20000.0,26000.0,240000.0,312000.0,276000.0,2L-3L
Ai developer/intern,"Belgachia, Kolkata, West Bengal","₹30,000 - ₹60,000 a month",45000.0,Belgachia,West Bengal,30000 - 60000 ,30000.0,60000.0,360000.0,720000.0,540000.0,Above 5L
Accounts and HR Executive (Female Only),"Santacruz West, Mumbai, Maharashtra","Up to ₹12,000 a month",,Santacruz West,Maharashtra,Up to 12000 ,12000.0,,144000.0,,144000.0,Below 2L
Analyst - Research,"Gurugram, Haryana",,,,Haryana,,,,,,,
Diploma Trainee,"Chhati, Chhattisgarh","₹13,000 - ₹15,000 a month",14000.0,,Chhattisgarh,13000 - 15000 ,13000.0,15000.0,156000.0,180000.0,168000.0,Below 2L
Vacancy For Fresher Photography - Girnar Ropeway Gujarat,"Junagadh, Gujarat","₹12,000 - ₹14,000 a month",13000.0,,Gujarat,12000 - 14000 ,12000.0,14000.0,144000.0,168000.0,156000.0,Below 2L
"CS Management Trainee (Financial Planning & Investment) Job Location:- Vadodara, Gujarat Only","Vadodara, Gujarat","₹10,000 - ₹27,000 a month",18500.0,,Gujarat,10000 - 27000 ,10000.0,27000.0,120000.0,324000.0,222000.0,2L-3L
Life Insurance Advisor,"Cannanore, Kerala","₹25,000 - ₹50,000 a month",37500.0,,Kerala,25000 - 50000 ,25000.0,50000.0,300000.0,600000.0,450000.0,3L-5L
Cashier,"Kollam, Kerala","₹12,000 - ₹15,000 a month",13500.0,,Kerala,12000 - 15000 ,12000.0,15000.0,144000.0,180000.0,162000.0,Below 2L
Research Analyst-(Entry level job for freshers),"Mohali, Punjab","₹7,000 - ₹10,000 a month",8500.0,,Punjab,7000 - 10000 ,7000.0,10000.0,84000.0,120000.0,102000.0,Below 2L
BE/MCA Fresher,"Indore, Madhya Pradesh",,,,Madhya Pradesh,,,,,,,
Fresh Graduates,"Bengaluru, Karnataka",,,,Karnataka,,,,,,,
Personal Assistant,"Jaipura, Rajasthan","₹20,000 - ₹30,000 a month",25000.0,,Rajasthan,20000 - 30000 ,20000.0,30000.0,240000.0,360000.0,300000.0,2L-3L
Graphic Designer - Fresher,"Madurai, Tamil Nadu",,,,Tamil Nadu,,,,,,,
Technical Graduate Apprentice - India UHR,"Bengaluru, Karnataka",,,,Karnataka,,,,,,,
Education Consultant,"Kasaragod, Kerala","₹12,000 - ₹25,000 a month",18500.0,,Kerala,12000 - 25000 ,12000.0,25000.0,144000.0,300000.0,222000.0,2L-3L
Warehouse Incharge,"Payyannur, Kerala","₹20,000 - ₹28,000 a month",24000.0,,Kerala,20000 - 28000 ,20000.0,28000.0,240000.0,336000.0,288000.0,2L-3L
Research Trainee,"Denkanikota, Tamil Nadu",,,,Tamil Nadu,,,,,,,
Accessories Incharge,"Alleppey, Kerala","₹14,000 - ₹18,000 a month",16000.0,,Kerala,14000 - 18000 ,14000.0,18000.0,168000.0,216000.0,192000.0,Below 2L
TRAINEE,Kerala,,,Kerala,Kerala,,,,,,,
Brand Collaborator,"Hyderabad, Telangana","₹15,000 - ₹20,000 a month",17500.0,,Telangana,15000 - 20000 ,15000.0,20000.0,180000.0,240000.0,210000.0,2L-3L
Trainee Digital(Freshers - BSc/BCA/MCA),Remote,"Up to ₹15,000 a month",,Remote,Remote,Up to 15000 ,15000.0,,180000.0,,180000.0,Below 2L
General Basic Workers,"Pudukkottai, Tamil Nadu",,,,Tamil Nadu,,,,,,,
Medical Scribe,"Tenkasi, Tamil Nadu","₹10,000 - ₹12,000 a month",11000.0,,Tamil Nadu,10000 - 12000 ,10000.0,12000.0,120000.0,144000.0,132000.0,Below 2L
Data Analyst Trainee,"Visakhapatnam, Andhra Pradesh",,,,Andhra Pradesh,,,,,,,
ATM Service Engineer,"Salem, Tamil Nadu","₹18,000 - ₹24,000 a month",21000.0,,Tamil Nadu,18000 - 24000 ,18000.0,24000.0,216000.0,288000.0,252000.0,2L-3L
Organic Chemist - Trainee - 2024,"Ahmedabad, Gujarat",,,,Gujarat,,,,,,,
Factory Incharge,"Thane, Maharashtra","₹40,000 - ₹65,000 a month",52500.0,,Maharashtra,40000 - 65000 ,40000.0,65000.0,480000.0,780000.0,630000.0,Above 5L
Machine Learning,"Noida, Uttar Pradesh","₹18,000 - ₹30,000 a month",24000.0,,Uttar Pradesh,18000 - 30000 ,18000.0,30000.0,216000.0,360000.0,288000.0,2L-3L
Graduate Trainee - Pickling,"Mahesana, Gujarat",,,,Gujarat,,,,,,,
Off Campus Hiring for Fresher Batch 2023 - 24,"Mohali, Punjab","₹3,00,000 - ₹5,00,000 a year",400000.0,,Punjab,300000 - 500000,300000.0,500000.0,300000.0,500000.0,400000.0,3L-5L
Associate Trainee,"Indore, Madhya Pradesh",,,,Madhya Pradesh,,,,,,,
Software Trainee Programmer,"Jubilee Hills, Hyderabad, Telangana",,,Jubilee Hills,Telangana,,,,,,,
Helper - Male Only,"Coimbatore, Tamil Nadu","₹8,000 - ₹12,000 a month",10000.0,,Tamil Nadu,8000 - 12000 ,8000.0,12000.0,96000.0,144000.0,120000.0,Below 2L
Graphic Designer,"Palghat, Kerala","From ₹9,598.81 a month",,,Kerala,From 9598.81 ,9598.0,,115176.0,,115176.0,Below 2L
Technical Executive,"Bengaluru, Karnataka","₹30,000 - ₹40,000 a month",35000.0,,Karnataka,30000 - 40000 ,30000.0,40000.0,360000.0,480000.0,420000.0,3L-5L
Teaching & non Teaching,"Bikaner, Rajasthan","From ₹20,000 a month",,,Rajasthan,From 20000 ,20000.0,,240000.0,,240000.0,2L-3L
Data Entry Operator,"Bengaluru, Karnataka",,,,Karnataka,,,,,,,
Database Administrators,"Chennai, Tamil Nadu",,,,Tamil Nadu,,,,,,,
Trainee Associate,"Hyderabad, Telangana",,,,Telangana,,,,,,,
DMO,"Nizamabad, Telangana","₹40,000 - ₹50,000 a month",45000.0,,Telangana,40000 - 50000 ,40000.0,50000.0,480000.0,600000.0,540000.0,Above 5L
Web Designers,"Kochi, Kerala",,,,Kerala,,,,,,,
CA Fresher / Final Group (Pursuing),"Gwalior, Madhya Pradesh",,,,Madhya Pradesh,,,,,,,
Personal Secretary,"Noida, Uttar Pradesh","₹75,000 - ₹80,000 a month",77500.0,,Uttar Pradesh,75000 - 80000 ,75000.0,80000.0,900000.0,960000.0,930000.0,Above 5L
Anchor,"Kochi, Kerala","₹15,000 - ₹25,000 a month",20000.0,,Kerala,15000 - 25000 ,15000.0,25000.0,180000.0,300000.0,240000.0,2L-3L
Human Resource Intern,"Purasawalkam, Chennai, Tamil Nadu",,,Purasawalkam,Tamil Nadu,,,,,,,
Software Trainer,"Todupulai, Kerala","From ₹12,000 a month",,,Kerala,From 12000 ,12000.0,,144000.0,,144000.0,Below 2L
Modelling,"Delhi, Delhi","From ₹10,000 a day",,,Delhi,From 10000 ,10000.0,,3650000.0,,3650000.0,Above 5L
Block Coordinator,"Kidwaipuri, Patna, Bihar","₹12,000 - ₹25,000 a month",18500.0,Kidwaipuri,Bihar,12000 - 25000 ,12000.0,25000.0,144000.0,300000.0,222000.0,2L-3L
Assistant Professor / Associate Professor / Professor,Chandigarh,,,Chandigarh,Chandigarh,,,,,,,
Data Entry Operator/Computer Operator,"Raigarh, Chhattisgarh","₹10,000 - ₹20,000 a month",15000.0,,Chhattisgarh,10000 - 20000 ,10000.0,20000.0,120000.0,240000.0,180000.0,Below 2L
Graduate Trainee,"Bengaluru, Karnataka","₹9,000 a month",9000.0,,Karnataka,9000 ,9000.0,,108000.0,,108000.0,Below 2L
Computer staff - (Female) for kollam,"Kollam, Kerala","₹8,000 - ₹10,000 a month",9000.0,,Kerala,8000 - 10000 ,8000.0,10000.0,96000.0,120000.0,108000.0,Below 2L
HR Trainee,"Coimbatore, Tamil Nadu",,,,Tamil Nadu,,,,,,,
Assistant Professor,"Champa, Chhattisgarh","₹25,000 - ₹35,000 a month",30000.0,,Chhattisgarh,25000 - 35000 ,25000.0,35000.0,300000.0,420000.0,360000.0,3L-5L
Hubli - Fresh Graduates for English Ad Design,"Hubli, Karnataka","₹11,150 - ₹25,000 a month",18075.0,,Karnataka,11150 - 25000 ,11150.0,25000.0,133800.0,300000.0,216900.0,2L-3L
Sales Associate,"Dehradun, Uttarakhand","₹18,000 - ₹21,000 a month",19500.0,,Uttarakhand,18000 - 21000 ,18000.0,21000.0,216000.0,252000.0,234000.0,2L-3L
Media Intern (Admin & Teaching),"Nashik, Maharashtra","₹5,000 - ₹6,000 a month",5500.0,,Maharashtra,5000 - 6000 ,5000.0,6000.0,60000.0,72000.0,66000.0,Below 2L
Sound Engineer,"Navi Mumbai, Maharashtra",,,,Maharashtra,,,,,,,
Associate Trainee- Fresher,"Indore, Madhya Pradesh",,,,Madhya Pradesh,,,,,,,
Computer Operator,"Mandvi, Gujarat","₹12,000 - ₹15,000 a month",13500.0,,Gujarat,12000 - 15000 ,12000.0,15000.0,144000.0,180000.0,162000.0,Below 2L
Quality Assurance,"Borivali East, Mumbai, Maharashtra",,,Borivali East,Maharashtra,,,,,,,
Data entry operater,"Vadapalani, Chennai, Tamil Nadu","₹15,000 - ₹25,000 a month",20000.0,Vadapalani,Tamil Nadu,15000 - 25000 ,15000.0,25000.0,180000.0,300000.0,240000.0,2L-3L
Brand Collaborator,"Bengaluru, Karnataka","₹15,000 - ₹20,000 a month",17500.0,,Karnataka,15000 - 20000 ,15000.0,20000.0,180000.0,240000.0,210000.0,2L-3L
Fresher Opportunity for the post of Mechanical Trainee Engineer,"Bengaluru, Karnataka",,,,Karnataka,,,,,,,
Admin,"Mysuru, Karnataka","Up to ₹20,000 a month",,,Karnataka,Up to 20000 ,20000.0,,240000.0,,240000.0,2L-3L
Fresher Full stack developer,"Kottayam, Kerala","₹9,000 - ₹13,000 a month",11000.0,,Kerala,9000 - 13000 ,9000.0,13000.0,108000.0,156000.0,132000.0,Below 2L
TRAINEE,"Tanuku, Andhra Pradesh",,,,Andhra Pradesh,,,,,,,
fresher electronics engineer,"Kochi, Kerala",,,,Kerala,,,,,,,
Assistant Supervisor,"Rajender Nagar, Delhi, Delhi","₹16,000 - ₹21,000 a month",18500.0,Rajender Nagar,Delhi,16000 - 21000 ,16000.0,21000.0,192000.0,252000.0,222000.0,2L-3L
Assistant Store Keeper,"Aluva, Kerala","₹12,000 - ₹17,500 a month",14750.0,,Kerala,12000 - 17500 ,12000.0,17500.0,144000.0,210000.0,177000.0,Below 2L
Field Information Officer,"Bhubaneswar, Orissa","₹20,000 - ₹25,000 a month",22500.0,,Orissa,20000 - 25000 ,20000.0,25000.0,240000.0,300000.0,270000.0,2L-3L
FEMALE OFFICE STAFF,"Kollam, Kerala",,,,Kerala,,,,,,,
Trainee,"Ahmedabad, Gujarat",,,,Gujarat,,,,,,,
Intern / Trainee,"Pune, Maharashtra",,,,Maharashtra,,,,,,,
IPQA Officer,"Kala Amb, Himachal Pradesh","From ₹20,000 a month",,,Himachal Pradesh,From 20000 ,20000.0,,240000.0,,240000.0,2L-3L
Business Analyst (Fresher),"Chennai, Tamil Nadu",,,,Tamil Nadu,,,,,,,
Trainee Admission Officer,"Mysuru, Karnataka","₹3,00,000 - ₹6,00,000 a year",450000.0,,Karnataka,300000 - 600000,300000.0,600000.0,300000.0,600000.0,450000.0,3L-5L
GET (Graduate Engineer Trainee),"Erode, Tamil Nadu","₹15,000 - ₹20,000 a month",17500.0,,Tamil Nadu,15000 - 20000 ,15000.0,20000.0,180000.0,240000.0,210000.0,2L-3L
Trainee programmers,"Chennai, Tamil Nadu",,,,Tamil Nadu,,,,,,,
Trainee Environmental Specialist,"Hyderabad, Telangana",,,,Telangana,,,,,,,
Receptionist (Urgent),"Darjiling, West Bengal",,,,West Bengal,,,,,,,
QA Game Tester,"Pune District, Maharashtra","₹18,000 a month",18000.0,,Maharashtra,18000 ,18000.0,,216000.0,,216000.0,2L-3L
For fresher(IT Sales),"Madurai, Tamil Nadu","Up to ₹1,20,000.53 a year",,,Tamil Nadu,Up to 120000.53,120000.0,,120000.0,,120000.0,Below 2L
Junior Associate,"Mysuru, Karnataka","₹17,000 - ₹19,000 a month",18000.0,,Karnataka,17000 - 19000 ,17000.0,19000.0,204000.0,228000.0,216000.0,2L-3L
CAD Designer,"Ambattur, Chennai, Tamil Nadu","From ₹16,500 a month",,Ambattur,Tamil Nadu,From 16500 ,16500.0,,198000.0,,198000.0,Below 2L
Behavioural Trainer- Fresher,"Bengaluru, Karnataka","₹18,000 - ₹20,000 a month",19000.0,,Karnataka,18000 - 20000 ,18000.0,20000.0,216000.0,240000.0,228000.0,2L-3L
Quality Analyst Intern,"Satellite, Ahmedabad, Gujarat","₹5,000 - ₹7,000 a month",6000.0,Satellite,Gujarat,5000 - 7000 ,5000.0,7000.0,60000.0,84000.0,72000.0,Below 2L
Jr. Accounts Executive,"Kochi, Kerala",,,,Kerala,,,,,,,
AR Caller Trainee,"Coimbatore, Tamil Nadu","Up to ₹50,000 a month",,,Tamil Nadu,Up to 50000 ,50000.0,,600000.0,,600000.0,Above 5L
Pizzahut Team member,"Devanhalli, Karnataka","₹15,500 - ₹20,800 a month",18150.0,,Karnataka,15500 - 20800 ,15500.0,20800.0,186000.0,249600.0,217800.0,2L-3L
Document Scanning,"Moshi, Pune, Maharashtra","From ₹12,000 a month",,Moshi,Maharashtra,From 12000 ,12000.0,,144000.0,,144000.0,Below 2L
"Proofreading, Quality Control & Copy Editing - Freshers Also Welcome","Coimbatore, Tamil Nadu","₹1,05,842.90 - ₹3,63,348.95 a year",234595.925,,Tamil Nadu,105842.90 - 363348.95,105842.0,363348.0,105842.0,363348.0,234595.0,2L-3L
QA Trainee,"Noida, Uttar Pradesh",,,,Uttar Pradesh,,,,,,,
Pharma Freshers,"Mumbai Central, Mumbai, Maharashtra","₹2,50,000 - ₹3,50,000 a month",300000.0,Mumbai Central,Maharashtra,250000 - 350000 ,250000.0,350000.0,3000000.0,4200000.0,3600000.0,Above 5L
Human Resource,"Lucknow, Uttar Pradesh","₹3,00,000 - ₹8,00,000 a year",550000.0,,Uttar Pradesh,300000 - 800000,300000.0,800000.0,300000.0,800000.0,550000.0,Above 5L
Project Billing Specialist,"Shivaji Nagar, Pune, Maharashtra","₹18,000 - ₹25,000 a month",21500.0,Shivaji Nagar,Maharashtra,18000 - 25000 ,18000.0,25000.0,216000.0,300000.0,258000.0,2L-3L
Data Entry Intern,Remote,"₹2,000 - ₹4,000 a month",3000.0,Remote,Remote,2000 - 4000 ,2000.0,4000.0,24000.0,48000.0,36000.0,Below 2L
Management Trainee(Financial Planning & Investments) (Job location:- Vadodara Only),"Vadodara, Gujarat","₹18,000 - ₹45,000 a month",31500.0,,Gujarat,18000 - 45000 ,18000.0,45000.0,216000.0,540000.0,378000.0,3L-5L
Accounting Trainee,India,,,India,India,,,,,,,
Programmer,"Kochi, Kerala",,,,Kerala,,,,,,,
Python Developer,Remote,,,Remote,Remote,,,,,,,
Documentation(Freshers),"Kottayam, Kerala","Up to ₹18,000 a month",,,Kerala,Up to 18000 ,18000.0,,216000.0,,216000.0,2L-3L
Bouncer,"Mumbai, Maharashtra","₹25,000 - ₹35,000 a month",30000.0,,Maharashtra,25000 - 35000 ,25000.0,35000.0,300000.0,420000.0,360000.0,3L-5L
International Business Development Executive,"Salem, Tamil Nadu",,,,Tamil Nadu,,,,,,,
MEDICAL REPRESENTATIVE VACANCY,"Bolpur, West Bengal","₹15,000 - ₹20,000 a month",17500.0,,West Bengal,15000 - 20000 ,15000.0,20000.0,180000.0,240000.0,210000.0,2L-3L
Programme Coordinator,"Kodungallur, Kerala","From ₹3,00,000 a year",,,Kerala,From 300000,300000.0,,300000.0,,300000.0,2L-3L
Delivery Boy,"Kottayam, Kerala","₹15,000 - ₹25,000 a month",20000.0,,Kerala,15000 - 25000 ,15000.0,25000.0,180000.0,300000.0,240000.0,2L-3L
Graduate Engineer Trainee (GET),"Tiruchchirappalli, Tamil Nadu",,,,Tamil Nadu,,,,,,,
3D Modeling Artist,"Kazhakoottam, Thiruvananthapuram, Kerala","₹20,000 a month",20000.0,Kazhakoottam,Kerala,20000 ,20000.0,,240000.0,,240000.0,2L-3L
Virtual Scribe Trainee,"Hubli, Karnataka","₹30,000 - ₹35,000 a month",32500.0,,Karnataka,30000 - 35000 ,30000.0,35000.0,360000.0,420000.0,390000.0,3L-5L
INTERNSHIP -HR (NON-PAID),"Kochi, Kerala",,,,Kerala,,,,,,,
Executive - AO&CS,"Kochi, Kerala",,,,Kerala,,,,,,,
Delivery Partner/Delivery Executive,"Bengaluru, Karnataka","₹20,000 - ₹60,000 a month",40000.0,,Karnataka,20000 - 60000 ,20000.0,60000.0,240000.0,720000.0,480000.0,3L-5L
Data Analyst,"Chennai, Tamil Nadu","From ₹4,00,000 a year",,,Tamil Nadu,From 400000,400000.0,,400000.0,,400000.0,3L-5L
Graduate Trainee,"Kochi, Kerala","₹15,000 - ₹20,000 a month",17500.0,,Kerala,15000 - 20000 ,15000.0,20000.0,180000.0,240000.0,210000.0,2L-3L
Business Analyst,"Saravanampatti, Coimbatore, Tamil Nadu",,,Saravanampatti,Tamil Nadu,,,,,,,
Data Entry Operator,"Nagercoil, Tamil Nadu","From ₹2,00,000 a year",,,Tamil Nadu,From 200000,200000.0,,200000.0,,200000.0,Below 2L
Client Care Trainee,"Bengaluru, Karnataka",,,,Karnataka,,,,,,,
Database Administrator,"Chennai, Tamil Nadu","₹19,457.51 - ₹71,405.55 a month",45431.53,,Tamil Nadu,19457.51 - 71405.55 ,19457.0,71405.0,233484.0,856860.0,545172.0,Above 5L
Roto Artist,"Pune, Maharashtra",,,,Maharashtra,,,,,,,
Trainee / Executive Medical Coding,"Salem, Tamil Nadu",,,,Tamil Nadu,,,,,,,
HR recruitment officer,"Tiruppur, Tamil Nadu","₹20,000 - ₹25,000 a month",22500.0,,Tamil Nadu,20000 - 25000 ,20000.0,25000.0,240000.0,300000.0,270000.0,2L-3L
Assisstant Resource Manager_Construction Projects,"Bengaluru, Karnataka","Up to ₹18,000 a month",,,Karnataka,Up to 18000 ,18000.0,,216000.0,,216000.0,2L-3L
Data Entry Operator (DEO),"INDERLOK, Delhi, Delhi","₹10,720.27 - ₹21,705.17 a month",16212.72,INDERLOK,Delhi,10720.27 - 21705.17 ,10720.0,21705.0,128640.0,260460.0,194550.0,Below 2L
Software Engineer Trainee,"Chennai, Tamil Nadu","₹3,60,000 - ₹4,00,000 a year",380000.0,,Tamil Nadu,360000 - 400000,360000.0,400000.0,360000.0,400000.0,380000.0,3L-5L
Hiring Graduates,"Tiruchchirappalli, Tamil Nadu","₹11,000 - ₹11,200 a month",11100.0,,Tamil Nadu,11000 - 11200 ,11000.0,11200.0,132000.0,134400.0,133200.0,Below 2L
HR Trainee,"Pune, Maharashtra","₹2,00,000 - ₹3,50,000 a month",275000.0,,Maharashtra,200000 - 350000 ,200000.0,350000.0,2400000.0,4200000.0,3300000.0,Above 5L
Social Media Influencer,Remote,"₹9,334.49 - ₹14,000.00 a month",11667.245,Remote,Remote,9334.49 - 14000.00 ,9334.0,14000.0,112008.0,168000.0,140004.0,Below 2L
Social media intern,Remote,,,Remote,Remote,,,,,,,
Counsellor,Remote,,,Remote,Remote,,,,,,,
HR TRAINEE,"Calicut, Kerala","₹15,000 - ₹18,000 a month",16500.0,,Kerala,15000 - 18000 ,15000.0,18000.0,180000.0,216000.0,198000.0,Below 2L
JOB DRIVE @ Trivandrum,"Thiruvananthapuram, Kerala","₹15,000 - ₹35,000 a month",25000.0,,Kerala,15000 - 35000 ,15000.0,35000.0,180000.0,420000.0,300000.0,2L-3L
Store Officer,"Todupulai, Kerala","₹10,000 - ₹20,000 a month",15000.0,,Kerala,10000 - 20000 ,10000.0,20000.0,120000.0,240000.0,180000.0,Below 2L
Trainee Engineer Civil,"Thiruvananthapuram, Kerala",,,,Kerala,,,,,,,
Regulatory,"Borivali East, Mumbai, Maharashtra",,,Borivali East,Maharashtra,,,,,,,
Trainee Research Assistant,India,,,India,India,,,,,,,
Software Trainee,"Valasaravakkam, Chennai, Tamil Nadu",,,Valasaravakkam,Tamil Nadu,,,,,,,
General Manager,"Erode, Tamil Nadu","₹15,000 - ₹25,000 a month",20000.0,,Tamil Nadu,15000 - 25000 ,15000.0,25000.0,180000.0,300000.0,240000.0,2L-3L
Billing Clerk,"Ganapathi, Coimbatore, Tamil Nadu","₹8,000 - ₹12,000 a month",10000.0,Ganapathi,Tamil Nadu,8000 - 12000 ,8000.0,12000.0,96000.0,144000.0,120000.0,Below 2L
Brand Promoter,"Edapalli, Kerala","₹5,000 - ₹20,000 a month",12500.0,,Kerala,5000 - 20000 ,5000.0,20000.0,60000.0,240000.0,150000.0,Below 2L
Vacancy for Fresher Graduate 8O13927285,"Maldah, West Bengal","₹15,000 - ₹20,000 a month",17500.0,,West Bengal,15000 - 20000 ,15000.0,20000.0,180000.0,240000.0,210000.0,2L-3L
Diploma Trainee,"Hubli, Karnataka","₹16,000 - ₹20,000 a month",18000.0,,Karnataka,16000 - 20000 ,16000.0,20000.0,192000.0,240000.0,216000.0,2L-3L
Data Entry (Work From Office - Female- Fresher),"Chennai, Tamil Nadu","₹10,000 - ₹15,000 a month",12500.0,,Tamil Nadu,10000 - 15000 ,10000.0,15000.0,120000.0,180000.0,150000.0,Below 2L
Customer Success Associate,Remote,"₹15,000 a month",15000.0,Remote,Remote,15000 ,15000.0,,180000.0,,180000.0,Below 2L
Video Analyst Trainee - Fresher,"Bengaluru, Karnataka",,,,Karnataka,,,,,,,
Officer - AO&CS,"Kochi, Kerala",,,,Kerala,,,,,,,
HR Team,"Saravanampatti, Coimbatore, Tamil Nadu",,,Saravanampatti,Tamil Nadu,,,,,,,
Quality Analyst Fresher,"Sanjeeva Reddy Nagar, Hyderabad, Telangana","₹18,000 - ₹25,000 a month",21500.0,Sanjeeva Reddy Nagar,Telangana,18000 - 25000 ,18000.0,25000.0,216000.0,300000.0,258000.0,2L-3L
Facilitator,"Jaipur, Rajasthan",,,,Rajasthan,,,,,,,
Analyst – Healthcare,"Bengaluru, Karnataka",,,,Karnataka,,,,,,,
Application Developer,"Perungudi, Chennai, Tamil Nadu","From ₹18,870 a month",,Perungudi,Tamil Nadu,From 18870 ,18870.0,,226440.0,,226440.0,2L-3L
Ticketing Executive,"Nagpur, Maharashtra","₹8,000 - ₹20,000 a month",14000.0,,Maharashtra,8000 - 20000 ,8000.0,20000.0,96000.0,240000.0,168000.0,Below 2L
Technical Analysts - Trainee,"Bandra, Mumbai, Maharashtra",,,Bandra,Maharashtra,,,,,,,
Delivery Executive/Delivery Partner,Delhi,"₹18,000 - ₹35,000 a month",26500.0,Delhi,Delhi,18000 - 35000 ,18000.0,35000.0,216000.0,420000.0,318000.0,3L-5L
Freshers/TraineesRegister,"Noida, Uttar Pradesh",,,,Uttar Pradesh,,,,,,,
Video Editor,Remote,,,Remote,Remote,,,,,,,
Fresher Data Entry Operator (DEO),"JNU New Campus, Delhi, Delhi","₹13,200 - ₹19,000 a month",16100.0,JNU New Campus,Delhi,13200 - 19000 ,13200.0,19000.0,158400.0,228000.0,193200.0,Below 2L
Adonis Manufacturing Pvt Ltd ( Freshers Hiring Permanent ),"Sriperumpudur, Chennai, Tamil Nadu","₹15,000 - ₹20,000 a month",17500.0,Sriperumpudur,Tamil Nadu,15000 - 20000 ,15000.0,20000.0,180000.0,240000.0,210000.0,2L-3L
Sales Executive,"Dehradun, Uttarakhand","From ₹8,086 a month",,,Uttarakhand,From 8086 ,8086.0,,97032.0,,97032.0,Below 2L
Billing Executive,"Gopichettipalaiyam, Tamil Nadu","₹12,000 - ₹15,000 a month",13500.0,,Tamil Nadu,12000 - 15000 ,12000.0,15000.0,144000.0,180000.0,162000.0,Below 2L
Internal Stock Audit,"Vellore, Tamil Nadu",,,,Tamil Nadu,,,,,,,
Trainee Mechanical,"Kochi, Kerala",,,,Kerala,,,,,,,
Research Assistant,"Nagercoil, Tamil Nadu","₹1,44,000 - ₹1,80,000 a year",162000.0,,Tamil Nadu,144000 - 180000,144000.0,180000.0,144000.0,180000.0,162000.0,Below 2L
Regional Language Content Writer (On-site Job),"Noida, Uttar Pradesh","₹18,000 - ₹25,000 a month",21500.0,,Uttar Pradesh,18000 - 25000 ,18000.0,25000.0,216000.0,300000.0,258000.0,2L-3L
Hiring MBA Freshers,"Kochi, Kerala","₹5,000 - ₹18,000 a month",11500.0,,Kerala,5000 - 18000 ,5000.0,18000.0,60000.0,216000.0,138000.0,Below 2L
Management Trainee,"Mumbai, Maharashtra","₹5,00,000 - ₹7,00,000 a year",600000.0,,Maharashtra,500000 - 700000,500000.0,700000.0,500000.0,700000.0,600000.0,Above 5L
Manager Tumble Dry,"Ambattur, Chennai, Tamil Nadu","₹13,000 - ₹20,000 a month",16500.0,Ambattur,Tamil Nadu,13000 - 20000 ,13000.0,20000.0,156000.0,240000.0,198000.0,Below 2L
Cloud Support Trainee,"Calicut, Kerala",,,,Kerala,,,,,,,
Public Relations Coordinator,"Kochi, Kerala","₹20,000 - ₹50,000 a month",35000.0,,Kerala,20000 - 50000 ,20000.0,50000.0,240000.0,600000.0,420000.0,3L-5L
Trainee - Digital,Remote,"Up to ₹15,000 a month",,Remote,Remote,Up to 15000 ,15000.0,,180000.0,,180000.0,Below 2L
Hindi Tele sale Voice Process. Jayanagar Bangalore- Only Fresher,"Jayanagar, Bengaluru, Karnataka","₹18,000 - ₹25,000 a month",21500.0,Jayanagar,Karnataka,18000 - 25000 ,18000.0,25000.0,216000.0,300000.0,258000.0,2L-3L
Course Councillor fresher,"Kochi, Kerala",,,,Kerala,,,,,,,
Data Entry Executive,Remote,"₹10,203.72 - ₹35,311.73 a month",22757.725,Remote,Remote,10203.72 - 35311.73 ,10203.0,35311.0,122436.0,423732.0,273084.0,2L-3L
Fire Engineer (Fresher),"Kochi, Kerala","₹40,000 - ₹60,000 a month",50000.0,,Kerala,40000 - 60000 ,40000.0,60000.0,480000.0,720000.0,600000.0,Above 5L
Management Trainee - Talent Acquisition,"Mumbai, Maharashtra",,,,Maharashtra,,,,,,,
Hiring Freshers ! AR Trainee -RCM,"Kochi, Kerala","₹9,831.16 - ₹20,000.00 a month",14915.58,,Kerala,9831.16 - 20000.00 ,9831.0,20000.0,117972.0,240000.0,178986.0,Below 2L
Data Research Trainee,"Pune, Maharashtra",,,,Maharashtra,,,,,,,
Multimedia Educator fresher,Delhi,"₹2,00,000 - ₹3,00,000 a year",250000.0,Delhi,Delhi,200000 - 300000,200000.0,300000.0,200000.0,300000.0,250000.0,2L-3L
RO/SRO/ABM – Business Operations,India,,,India,India,,,,,,,
STATE BANK OF INDIA,"Puducherry, Puducherry","₹13,000 - ₹18,000 a month",15500.0,,Puducherry,13000 - 18000 ,13000.0,18000.0,156000.0,216000.0,186000.0,Below 2L
Managers,"Kochi, Kerala","₹25,000 - ₹60,000 a month",42500.0,,Kerala,25000 - 60000 ,25000.0,60000.0,300000.0,720000.0,510000.0,Above 5L
Fresher BE Graduates,"Vasco Da Gama, Goa",,,,Goa,,,,,,,
Store Keeper,"Kochi, Kerala","₹15,000 - ₹17,000 a month",16000.0,,Kerala,15000 - 17000 ,15000.0,17000.0,180000.0,204000.0,192000.0,Below 2L
Contract Data Analyst,"Navi Mumbai, Maharashtra",,,,Maharashtra,,,,,,,
Trainee Engineers,"Bengaluru, Karnataka",,,,Karnataka,,,,,,,
Research Associate - Freshers,"Banaswadi, Bengaluru, Karnataka",,,Banaswadi,Karnataka,,,,,,,
Early Career Trainee,"Kochi, Kerala",,,,Kerala,,,,,,,
Data Processor - Business Analytics,"Technopark, Thiruvananthapuram, Kerala","₹20,000 - ₹40,000 a month",30000.0,Technopark,Kerala,20000 - 40000 ,20000.0,40000.0,240000.0,480000.0,360000.0,3L-5L
Territory Sales Officer (Pathanamthitta),"Pathanamthitta, Kerala","₹3,00,000 - ₹4,00,000 a year",350000.0,,Kerala,300000 - 400000,300000.0,400000.0,300000.0,400000.0,350000.0,3L-5L
Cashiers,"Bengaluru, Karnataka",,,,Karnataka,,,,,,,
voice process,Remote,,,Remote,Remote,,,,,,,
Research Analyst,"Pune, Maharashtra",,,,Maharashtra,,,,,,,
Content Trainee,Remote,,,Remote,Remote,,,,,,,
Fresher-BCOM,"Delhi, Delhi","₹15,000 - ₹20,000 a month",17500.0,,Delhi,15000 - 20000 ,15000.0,20000.0,180000.0,240000.0,210000.0,2L-3L
Trainee,"Jeedimetla, Hyderabad, Telangana",,,Jeedimetla,Telangana,,,,,,,
Management Trainee (Marketing)- Only Male Candidates,"Pathanamthitta, Kerala","₹10,000 - ₹15,000 a month",12500.0,,Kerala,10000 - 15000 ,10000.0,15000.0,120000.0,180000.0,150000.0,Below 2L
Fresher hiring for BDE role,"Chennai, Tamil Nadu","₹3,00,000 - ₹4,50,000 a year",375000.0,,Tamil Nadu,300000 - 450000,300000.0,450000.0,300000.0,450000.0,375000.0,3L-5L
HR Trainee,"Edappal, Kerala","₹8,000 - ₹10,000 a month",9000.0,,Kerala,8000 - 10000 ,8000.0,10000.0,96000.0,120000.0,108000.0,Below 2L
Student Counsellor,"Bengaluru, Karnataka","₹30,000 - ₹45,000 a month",37500.0,,Karnataka,30000 - 45000 ,30000.0,45000.0,360000.0,540000.0,450000.0,3L-5L
Consultant -Campus Fresher 2023,"Hyderabad, Telangana",,,,Telangana,,,,,,,
OFFICE EXECUTIVE,"Barddhaman, West Bengal","₹10,000 - ₹15,000 a month",12500.0,,West Bengal,10000 - 15000 ,10000.0,15000.0,120000.0,180000.0,150000.0,Below 2L
Trainee Management Associate-Packing,"Mohali, Punjab",,,,Punjab,,,,,,,
Trainee - Analyst,"Bengaluru, Karnataka",,,,Karnataka,,,,,,,
Delivery Executive,"Nemmara, Kerala","₹12,500 - ₹25,000 a month",18750.0,,Kerala,12500 - 25000 ,12500.0,25000.0,150000.0,300000.0,225000.0,2L-3L
HR Executive (Trainee),"Bengaluru, Karnataka",,,,Karnataka,,,,,,,
Graduate Engineer Trainee (GET) Aeronautical / Aerospace,"Navi Mumbai, Maharashtra",,,,Maharashtra,,,,,,,
State Bank Of India ( BRE Cards },"Partibanur, Tamil Nadu","₹15,000 - ₹19,000 a month",17000.0,,Tamil Nadu,15000 - 19000 ,15000.0,19000.0,180000.0,228000.0,204000.0,2L-3L
Community Manager,"Noida, Uttar Pradesh","₹20,000 - ₹25,000 a month",22500.0,,Uttar Pradesh,20000 - 25000 ,20000.0,25000.0,240000.0,300000.0,270000.0,2L-3L
Data Entry Officer,"Pimpri-Chinchwad, Maharashtra","₹10,162.39 - ₹35,027.08 a month",22594.735,,Maharashtra,10162.39 - 35027.08 ,10162.0,35027.0,121944.0,420324.0,271134.0,2L-3L
Cyber Security Engineer,"Thiruvananthapuram, Kerala",,,,Kerala,,,,,,,
Production Trainee,"Vadodara, Gujarat",,,,Gujarat,,,,,,,
Production Coordinator,"Mundakayam, Kerala","Up to ₹15,000 a month",,,Kerala,Up to 15000 ,15000.0,,180000.0,,180000.0,Below 2L
System Engineer - Trainee,"Kizhake Chalakudi, Kerala",,,,Kerala,,,,,,,
Trainee - Operations (IP Services),"Calicut, Kerala","₹1,80,000 - ₹2,50,000 a year",215000.0,,Kerala,180000 - 250000,180000.0,250000.0,180000.0,250000.0,215000.0,2L-3L
Trainee Research Associate,"Noida, Uttar Pradesh",,,,Uttar Pradesh,,,,,,,
Trainee Test Engineer,"Navi Mumbai, Maharashtra",,,,Maharashtra,,,,,,,
Software Developers Trainee (.Net),Kerala,,,Kerala,Kerala,,,,,,,
Business Development Executive (BDE),"Dwarka, Delhi, Delhi","From ₹30,000 a month",,Dwarka,Delhi,From 30000 ,30000.0,,360000.0,,360000.0,3L-5L
Medical Representatve for OPD Camps (Bengaluru),"Bengaluru, Karnataka","₹20,000 - ₹22,000 a month",21000.0,,Karnataka,20000 - 22000 ,20000.0,22000.0,240000.0,264000.0,252000.0,2L-3L
Assistant Supervisor,"Kolkata, West Bengal","₹15,000 - ₹25,000 a month",20000.0,,West Bengal,15000 - 25000 ,15000.0,25000.0,180000.0,300000.0,240000.0,2L-3L
PACKING STAFF,"Calicut, Kerala",From ₹35 an hour,,,Kerala,From 35 ,35.0,,102200.0,,102200.0,Below 2L
Accountant Trainee,"Thrissur, Kerala","₹14,000 - ₹16,000 a month",15000.0,,Kerala,14000 - 16000 ,14000.0,16000.0,168000.0,192000.0,180000.0,Below 2L
Delivery executive,"Venjaramudu, Kerala","₹15,000 - ₹30,000 a month",22500.0,,Kerala,15000 - 30000 ,15000.0,30000.0,180000.0,360000.0,270000.0,2L-3L
Category Head - Mobile,"Chinnamanur, Tamil Nadu","₹20,000 - ₹25,000 a month",22500.0,,Tamil Nadu,20000 - 25000 ,20000.0,25000.0,240000.0,300000.0,270000.0,2L-3L
Hindi speaking Receptionist,"Anna Nagar Western Extn, Chennai, Tamil Nadu","₹10,000 - ₹20,000 a month",15000.0,Anna Nagar Western Extn,Tamil Nadu,10000 - 20000 ,10000.0,20000.0,120000.0,240000.0,180000.0,Below 2L
Testing & Calibration Engg.,"Jaipur, Rajasthan",,,,Rajasthan,,,,,,,
Game Tester,"Mira Road, Mumbai, Maharashtra","₹9,000 - ₹10,000 a month",9500.0,Mira Road,Maharashtra,9000 - 10000 ,9000.0,10000.0,108000.0,120000.0,114000.0,Below 2L
Content Creator,Remote,"Up to ₹5,000 a month",,Remote,Remote,Up to 5000 ,5000.0,,60000.0,,60000.0,Below 2L
Technical Trainer,"Mohali, Punjab","₹40,000 - ₹1,20,000 a month",80000.0,,Punjab,40000 - 120000 ,40000.0,120000.0,480000.0,1440000.0,960000.0,Above 5L
Execuitve Assistant,"Bengaluru, Karnataka",,,,Karnataka,,,,,,,
Bank Follow Up Officer (sme),"Kochi, Kerala","From ₹15,000 a month",,,Kerala,From 15000 ,15000.0,,180000.0,,180000.0,Below 2L
Computer Operator,"Morbi, Gujarat","₹10,000 - ₹30,000 a month",20000.0,,Gujarat,10000 - 30000 ,10000.0,30000.0,120000.0,360000.0,240000.0,2L-3L
Management Trainee,"Mayur Vihar, Delhi, Delhi","₹2,50,000 a year",250000.0,Mayur Vihar,Delhi,250000,250000.0,,250000.0,,250000.0,2L-3L
Trainee Medical Writer,"Delhi, Delhi",,,,Delhi,,,,,,,
Production Executive,"Palghat, Kerala",,,,Kerala,,,,,,,
Graduate Engineer Trainee,"Bharuch, Gujarat",,,,Gujarat,,,,,,,
HR Assistant,"Thrissur, Kerala","₹11,000 - ₹13,000 a month",12000.0,,Kerala,11000 - 13000 ,11000.0,13000.0,132000.0,156000.0,144000.0,Below 2L
Fresher Engineer,"Jaipur, Rajasthan",,,,Rajasthan,,,,,,,
Accountant (Tally),"Mysuru, Karnataka","₹15,000 - ₹30,000 a month",22500.0,,Karnataka,15000 - 30000 ,15000.0,30000.0,180000.0,360000.0,270000.0,2L-3L
Answerclub Knowledge contributor,Remote,"₹1,200 - ₹5,000 a month",3100.0,Remote,Remote,1200 - 5000 ,1200.0,5000.0,14400.0,60000.0,37200.0,Below 2L
Field Collection Executive,"Haripad, Kerala","₹12,000 - ₹30,000 a month",21000.0,,Kerala,12000 - 30000 ,12000.0,30000.0,144000.0,360000.0,252000.0,2L-3L
Operational Specialist,"Calicut, Kerala",,,,Kerala,,,,,,,
Graphic Designer & Video Editor,Remote,"₹5,000 - ₹10,000 a month",7500.0,Remote,Remote,5000 - 10000 ,5000.0,10000.0,60000.0,120000.0,90000.0,Below 2L
Calibration Engineer(fresher),"Ambli, Ahmedabad, Gujarat","Up to ₹35,000 a month",,Ambli,Gujarat,Up to 35000 ,35000.0,,420000.0,,420000.0,3L-5L
Technical Support,"Kochi, Kerala",,,,Kerala,,,,,,,
GRAPHIC DESIGNER,"Kollam, Kerala",,,,Kerala,,,,,,,
Office Asistant,"Pollachi, Tamil Nadu","From ₹10,000 a month",,,Tamil Nadu,From 10000 ,10000.0,,120000.0,,120000.0,Below 2L
Officer - Security,"Kochi, Kerala",,,,Kerala,,,,,,,
Collection Executive,"Muvattupuzha, Kerala","₹19,500 - ₹24,000 a month",21750.0,,Kerala,19500 - 24000 ,19500.0,24000.0,234000.0,288000.0,261000.0,2L-3L
Trainee Engineer,"Rudarpur, Uttarakhand","₹20,000 - ₹30,000 a month",25000.0,,Uttarakhand,20000 - 30000 ,20000.0,30000.0,240000.0,360000.0,300000.0,2L-3L
Development Organiser (Forestry),"Pimpalner, Maharashtra",,,,Maharashtra,,,,,,,
Front Office Manager,"Pathanamthitta, Kerala","₹10,000 - ₹20,000 a month",15000.0,,Kerala,10000 - 20000 ,10000.0,20000.0,120000.0,240000.0,180000.0,Below 2L
HR Trainee/Executive,"Calicut, Kerala",,,,Kerala,,,,,,,
Data Digitization Executive,"Poojappura, Thiruvananthapuram, Kerala","Up to ₹12,000 a month",,Poojappura,Kerala,Up to 12000 ,12000.0,,144000.0,,144000.0,Below 2L
Trainee / Process Executive,"Salem, Tamil Nadu",,,,Tamil Nadu,,,,,,,
Recruitment Trainee,India,,,India,India,,,,,,,
Freshers Walk-In (Autocad),"Yelahanka, Bengaluru, Karnataka","₹15,000 - ₹20,000 a month",17500.0,Yelahanka,Karnataka,15000 - 20000 ,15000.0,20000.0,180000.0,240000.0,210000.0,2L-3L
Business Development Executive - Fresher,"Madurai, Tamil Nadu",,,,Tamil Nadu,,,,,,,
Business Development Associate,"Kochi, Kerala","₹20,000 - ₹45,000 a month",32500.0,,Kerala,20000 - 45000 ,20000.0,45000.0,240000.0,540000.0,390000.0,3L-5L
HUMAN RESOURCES INTERNSHIP -FRESHER,"Chennai, Tamil Nadu",,,,Tamil Nadu,,,,,,,
Engineer – Support/Operations (Trainee),"Bengaluru, Karnataka",,,,Karnataka,,,,,,,
System Analyst,"Coimbatore, Tamil Nadu","₹8,000 - ₹12,000 a month",10000.0,,Tamil Nadu,8000 - 12000 ,8000.0,12000.0,96000.0,144000.0,120000.0,Below 2L
Management Trainee - Recruitment,"Hyderabad, Telangana",,,,Telangana,,,,,,,
Project Coordinator,"Mundakayam, Kerala","Up to ₹10,000 a month",,,Kerala,Up to 10000 ,10000.0,,120000.0,,120000.0,Below 2L
Trainee Intern's,"Hyderabad, Telangana",,,,Telangana,,,,,,,
Internship to Job Program - JS Developer,"Delhi, Delhi","₹5,000 - ₹25,000 a month",15000.0,,Delhi,5000 - 25000 ,5000.0,25000.0,60000.0,300000.0,180000.0,Below 2L
Cyber Security Trainer,"Laxmi Nagar, Delhi, Delhi","₹6,00,000 a year",600000.0,Laxmi Nagar,Delhi,600000,600000.0,,600000.0,,600000.0,Above 5L
Site Supervisor,"Kottayam, Kerala","₹10,000 - ₹15,000 a month",12500.0,,Kerala,10000 - 15000 ,10000.0,15000.0,120000.0,180000.0,150000.0,Below 2L
Associate: Supply Chain Team,"Bengaluru, Karnataka","₹2,40,000 - ₹2,80,000 a year",260000.0,,Karnataka,240000 - 280000,240000.0,280000.0,240000.0,280000.0,260000.0,2L-3L
Accountant,"Sangli, Maharashtra",,,,Maharashtra,,,,,,,
Assistant/Associate /Professors,"Pollachi, Tamil Nadu","₹30,000 - ₹1,00,000 a month",65000.0,,Tamil Nadu,30000 - 100000 ,30000.0,100000.0,360000.0,1200000.0,780000.0,Above 5L
Branch Accountant,"Kochi, Kerala","₹12,000 - ₹18,000 a month",15000.0,,Kerala,12000 - 18000 ,12000.0,18000.0,144000.0,216000.0,180000.0,Below 2L
Fresher - Business Analyst,"Hyderabad, Telangana",,,,Telangana,,,,,,,
Field Officer,Arunachal Pradesh,,,Arunachal Pradesh,Arunachal Pradesh,,,,,,,
Jewellery Sales Assistant,"Virudunagar, Tamil Nadu","From ₹15,000 a month",,,Tamil Nadu,From 15000 ,15000.0,,180000.0,,180000.0,Below 2L
Hotel Operations Manager,"Varkkallai, Kerala","₹15,000 - ₹20,000 a month",17500.0,,Kerala,15000 - 20000 ,15000.0,20000.0,180000.0,240000.0,210000.0,2L-3L
Diploma Holders,"Bengaluru, Karnataka",,,,Karnataka,,,,,,,
Video Editor,Remote,"₹5,000 - ₹20,000 a month",12500.0,Remote,Remote,5000 - 20000 ,5000.0,20000.0,60000.0,240000.0,150000.0,Below 2L
DEVELOPMENT QUALITY ASSURANCE,"Chennai, Tamil Nadu",,,,Tamil Nadu,,,,,,,
WANTED FRESHERS FOR OFFICE WORK,"Saravanampatti, Coimbatore, Tamil Nadu","₹13,500 - ₹16,500 a month",15000.0,Saravanampatti,Tamil Nadu,13500 - 16500 ,13500.0,16500.0,162000.0,198000.0,180000.0,Below 2L
Electrical Technician,"Sion, Mumbai, Maharashtra","₹15,000 - ₹25,000 a month",20000.0,Sion,Maharashtra,15000 - 25000 ,15000.0,25000.0,180000.0,300000.0,240000.0,2L-3L
Asst. Purchase Manager,"Calicut, Kerala","₹15,000 - ₹25,000 a month",20000.0,,Kerala,15000 - 25000 ,15000.0,25000.0,180000.0,300000.0,240000.0,2L-3L
Administration / Office Admin,"Laxmi Nagar, Delhi, Delhi",,,Laxmi Nagar,Delhi,,,,,,,
Process Associate,"Coimbatore, Tamil Nadu",,,,Tamil Nadu,,,,,,,
Stevedore (24*7),"Tuticorin, Tamil Nadu","₹10,000 - ₹15,000 a month",12500.0,,Tamil Nadu,10000 - 15000 ,10000.0,15000.0,120000.0,180000.0,150000.0,Below 2L
Digital Marketing Intern,Remote,"₹7,000 - ₹10,000 a month",8500.0,Remote,Remote,7000 - 10000 ,7000.0,10000.0,84000.0,120000.0,102000.0,Below 2L
System Officer,"Chengannur, Kerala","₹13,000 - ₹15,000 a month",14000.0,,Kerala,13000 - 15000 ,13000.0,15000.0,156000.0,180000.0,168000.0,Below 2L
Management Trainee,"Calicut, Kerala",,,,Kerala,,,,,,,
LaTeX Research Documents Editor,"Cannanore, Kerala","₹15,000 - ₹20,000 a month",17500.0,,Kerala,15000 - 20000 ,15000.0,20000.0,180000.0,240000.0,210000.0,2L-3L
Office Executive Fresher,"Mayur Vihar, Delhi, Delhi","₹16,500 - ₹22,500 a month",19500.0,Mayur Vihar,Delhi,16500 - 22500 ,16500.0,22500.0,198000.0,270000.0,234000.0,2L-3L
Knitting Specialist,"Palsana, Surat, Gujarat","₹30,000 - ₹40,000 a month",35000.0,Palsana,Gujarat,30000 - 40000 ,30000.0,40000.0,360000.0,480000.0,420000.0,3L-5L
Tele Caller (English - WFH),Remote,"₹8,086.00 - ₹29,639.40 a month",18862.7,Remote,Remote,8086.00 - 29639.40 ,8086.0,29639.0,97032.0,355668.0,226350.0,2L-3L
Junior Process Associate (Voice Process),"Coimbatore, Tamil Nadu","Up to ₹18,000 a month",,,Tamil Nadu,Up to 18000 ,18000.0,,216000.0,,216000.0,2L-3L
Accountant,"Devanhalli, Karnataka","₹12,000 - ₹15,000 a month",13500.0,,Karnataka,12000 - 15000 ,12000.0,15000.0,144000.0,180000.0,162000.0,Below 2L
fb poster designer,Remote,₹180 a day,180.0,Remote,Remote,180 ,180.0,,65700.0,,65700.0,Below 2L
Manual Tester,"Pallavaram, Chennai, Tamil Nadu","₹16,000 - ₹34,000 a month",25000.0,Pallavaram,Tamil Nadu,16000 - 34000 ,16000.0,34000.0,192000.0,408000.0,300000.0,2L-3L
Video Editor,Remote,"₹20,000 - ₹30,000 a month",25000.0,Remote,Remote,20000 - 30000 ,20000.0,30000.0,240000.0,360000.0,300000.0,2L-3L
Operator Trainee(Fresher),"Kangayam, Tamil Nadu","₹10,000 - ₹12,000 a month",11000.0,,Tamil Nadu,10000 - 12000 ,10000.0,12000.0,120000.0,144000.0,132000.0,Below 2L
Supervisor,Remote,"From ₹15,000 a month",,Remote,Remote,From 15000 ,15000.0,,180000.0,,180000.0,Below 2L
Dog Walker,"Saket, Delhi, Delhi","₹11,000 - ₹18,000 a month",14500.0,Saket,Delhi,11000 - 18000 ,11000.0,18000.0,132000.0,216000.0,174000.0,Below 2L
Wedding Album Designers in Trivandrum,"Kariavattom, Thiruvananthapuram, Kerala","₹5,000 - ₹25,000 a month",15000.0,Kariavattom,Kerala,5000 - 25000 ,5000.0,25000.0,60000.0,300000.0,180000.0,Below 2L
BE/ ME Freshers,"Nagercoil, Tamil Nadu","₹10,000 - ₹16,000 a month",13000.0,,Tamil Nadu,10000 - 16000 ,10000.0,16000.0,120000.0,192000.0,156000.0,Below 2L
Research Analyst,Delhi,,,Delhi,Delhi,,,,,,,
"Jio point manager in uluthurpet,madapattu, Kandachipuram, Vikravandi, Valavanur, Villupuram","Villupuram, Tamil Nadu","₹22,000 a month",22000.0,,Tamil Nadu,22000 ,22000.0,,264000.0,,264000.0,2L-3L
Academic Consultant,"Kochi, Kerala","₹12,000 - ₹20,000 a month",16000.0,,Kerala,12000 - 20000 ,12000.0,20000.0,144000.0,240000.0,192000.0,Below 2L
Front Office Staff,"Bhopal, Madhya Pradesh",,,,Madhya Pradesh,,,,,,,
Programming Assistants,"Cannanore, Kerala",,,,Kerala,,,,,,,
Delivery Executive/Delivery Partner,"Dehradun, Uttarakhand","₹18,000 - ₹35,000 a month",26500.0,,Uttarakhand,18000 - 35000 ,18000.0,35000.0,216000.0,420000.0,318000.0,3L-5L
Video Editor,Remote,"₹3,000 - ₹4,000 a month",3500.0,Remote,Remote,3000 - 4000 ,3000.0,4000.0,36000.0,48000.0,42000.0,Below 2L
Delivery Assistant,"Gulbarga, Karnataka","₹12,847 a month",12847.0,,Karnataka,12847 ,12847.0,,154164.0,,154164.0,Below 2L
HR Intern,Remote,"₹10,000 - ₹15,000 a month",12500.0,Remote,Remote,10000 - 15000 ,10000.0,15000.0,120000.0,180000.0,150000.0,Below 2L
Trainee - Analyst Investigation,"Bengaluru, Karnataka",,,,Karnataka,,,,,,,
Document Verification Executive Fresher,"Ghitorni, Delhi, Delhi","₹14,500 a month",14500.0,Ghitorni,Delhi,14500 ,14500.0,,174000.0,,174000.0,Below 2L
Back Office Executive,"Pimpri-Chinchwad, Maharashtra","₹25,000 - ₹28,000 a month",26500.0,,Maharashtra,25000 - 28000 ,25000.0,28000.0,300000.0,336000.0,318000.0,3L-5L
Fresh Graduate,"Noida, Uttar Pradesh","₹15,000 - ₹25,000 a month",20000.0,,Uttar Pradesh,15000 - 25000 ,15000.0,25000.0,180000.0,300000.0,240000.0,2L-3L
OT Assistant,"Tiruppur, Tamil Nadu","₹15,000 - ₹20,000 a month",17500.0,,Tamil Nadu,15000 - 20000 ,15000.0,20000.0,180000.0,240000.0,210000.0,2L-3L
Pizza hut- Team Member,"Pattom, Thiruvananthapuram, Kerala","Up to ₹10,500 a month",,Pattom,Kerala,Up to 10500 ,10500.0,,126000.0,,126000.0,Below 2L
Graphic Designer - Amazon Products Lifestyle & Infographics,"Thiruvananthapuram, Kerala","₹15,000 - ₹20,000 a month",17500.0,,Kerala,15000 - 20000 ,15000.0,20000.0,180000.0,240000.0,210000.0,2L-3L
Dues Coordinator intern,"Chennai, Tamil Nadu","₹10,000 - ₹15,000 a month",12500.0,,Tamil Nadu,10000 - 15000 ,10000.0,15000.0,120000.0,180000.0,150000.0,Below 2L
Google Ads Executive(fresher/experience),"Ambli, Ahmedabad, Gujarat","Up to ₹55,000 a month",,Ambli,Gujarat,Up to 55000 ,55000.0,,660000.0,,660000.0,Above 5L
Medical Scribe Trainee,Remote,"₹35,000 a month",35000.0,Remote,Remote,35000 ,35000.0,,420000.0,,420000.0,3L-5L
Hardware trainee - Female Candidates only,"Erode, Tamil Nadu","From ₹8,000 a month",,,Tamil Nadu,From 8000 ,8000.0,,96000.0,,96000.0,Below 2L
Trainee - Human Resource,"Rajarajeshwari Nagar, Bengaluru, Karnataka","From ₹25,000 a month",,Rajarajeshwari Nagar,Karnataka,From 25000 ,25000.0,,300000.0,,300000.0,2L-3L
Checker and surveyor,"Mundra Bandar, Gujarat",,,,Gujarat,,,,,,,
Cinematography,"Koramangala VI Bk, Bengaluru, Karnataka","₹3,19,486.86 - ₹15,60,207.49 a year",939847.175,Koramangala VI Bk,Karnataka,319486.86 - 1560207.49,319486.0,1560207.0,319486.0,1560207.0,939846.5,Above 5L
Programmers,"Bengaluru, Karnataka","₹15,000 - ₹25,000 a month",20000.0,,Karnataka,15000 - 25000 ,15000.0,25000.0,180000.0,300000.0,240000.0,2L-3L
Digital Marketing Fresher,"Kochi, Kerala","₹3,000 - ₹6,000 a month",4500.0,,Kerala,3000 - 6000 ,3000.0,6000.0,36000.0,72000.0,54000.0,Below 2L
Financial Analyst,Delhi,,,Delhi,Delhi,,,,,,,
Sales Supervisor,"Thrissur, Kerala","₹18,000 - ₹21,000 a month",19500.0,,Kerala,18000 - 21000 ,18000.0,21000.0,216000.0,252000.0,234000.0,2L-3L
QC Officer,"Kala Amb, Himachal Pradesh","Up to ₹30,000 a month",,,Himachal Pradesh,Up to 30000 ,30000.0,,360000.0,,360000.0,3L-5L
Trainee Administrator,"Jaisalmer, Rajasthan",,,,Rajasthan,,,,,,,
Soil and Rock testing assistant,"Ghaziabad, Uttar Pradesh","From ₹15,000 a month",,,Uttar Pradesh,From 15000 ,15000.0,,180000.0,,180000.0,Below 2L
Office Associate,"Amravati, Maharashtra","₹11,000 - ₹18,000 a month",14500.0,,Maharashtra,11000 - 18000 ,11000.0,18000.0,132000.0,216000.0,174000.0,Below 2L
Customer Care Executive (Preferred Hindi Speaking),Telangana,,,Telangana,Telangana,,,,,,,
Chartered Accountant/Semi Qualified / ICWA(CMA)/CS,"Ram Nagar, Nagpur, Maharashtra","₹4,00,000 - ₹8,00,000 a year",600000.0,Ram Nagar,Maharashtra,400000 - 800000,400000.0,800000.0,400000.0,800000.0,600000.0,Above 5L
Network and hardware trainee,"Bommasandra Industrial Estate, Bengaluru, Karnataka","₹3,50,000 a year",350000.0,Bommasandra Industrial Estate,Karnataka,350000,350000.0,,350000.0,,350000.0,3L-5L
CS Trainee,"Pune, Maharashtra",,,,Maharashtra,,,,,,,
Call Coordinator,"Bengaluru, Karnataka","₹3,00,000 a year",300000.0,,Karnataka,300000,300000.0,,300000.0,,300000.0,2L-3L
Worked as teacher,"Pratap Nagar, Jaipur, Rajasthan","₹15,000 - ₹30,000 a month",22500.0,Pratap Nagar,Rajasthan,15000 - 30000 ,15000.0,30000.0,180000.0,360000.0,270000.0,2L-3L
Wanted Delivery Executive Boys / Girls,"Mavelikara, Kerala","₹15,000 - ₹35,000 a month",25000.0,,Kerala,15000 - 35000 ,15000.0,35000.0,180000.0,420000.0,300000.0,2L-3L
Software Trainee / Intern,"Bhilwara, Rajasthan",,,,Rajasthan,,,,,,,
Team Member (QSR),"Bengaluru, Karnataka","₹14,000 - ₹15,000 a month",14500.0,,Karnataka,14000 - 15000 ,14000.0,15000.0,168000.0,180000.0,174000.0,Below 2L
Receptionist & telecaller,"Pattom, Thiruvananthapuram, Kerala","₹12,000 - ₹15,000 a month",13500.0,Pattom,Kerala,12000 - 15000 ,12000.0,15000.0,144000.0,180000.0,162000.0,Below 2L
Content Creator,"Andheri West, Mumbai, Maharashtra","₹50,000 - ₹75,000 a month",62500.0,Andheri West,Maharashtra,50000 - 75000 ,50000.0,75000.0,600000.0,900000.0,750000.0,Above 5L
Department Supervisor,"Salem, Tamil Nadu","₹18,000 - ₹25,000 a month",21500.0,,Tamil Nadu,18000 - 25000 ,18000.0,25000.0,216000.0,300000.0,258000.0,2L-3L
Team Leader - Operations,"Pimpri-Chinchwad, Maharashtra","₹2,51,888.70 - ₹10,98,536.95 a year",675212.825,,Maharashtra,251888.70 - 1098536.95,251888.0,1098536.0,251888.0,1098536.0,675212.0,Above 5L
TRAINEE MUD LOGGER,"Mumbai, Maharashtra",,,,Maharashtra,,,,,,,
Corporate Relationship Manager,"Delhi, Delhi","₹20,000 - ₹50,000 a month",35000.0,,Delhi,20000 - 50000 ,20000.0,50000.0,240000.0,600000.0,420000.0,3L-5L
Female Visa Filing Officer,"Chandigarh, Chandigarh","From ₹15,000 a month",,,Chandigarh,From 15000 ,15000.0,,180000.0,,180000.0,Below 2L
WEB DEVELOPERS,"Hubli, Karnataka",,,,Karnataka,,,,,,,
Receptionist,"Kanpur, Uttar Pradesh","₹1,20,000 - ₹2,50,000 a year",185000.0,,Uttar Pradesh,120000 - 250000,120000.0,250000.0,120000.0,250000.0,185000.0,Below 2L
TRAINEE DEVELOPER,"Jaipur, Rajasthan",,,,Rajasthan,,,,,,,
Telecalling executive,"Tiruchchirappalli, Tamil Nadu",,,,Tamil Nadu,,,,,,,
E-Commerce Manager,"Tiruppur, Tamil Nadu","₹10,392.40 - ₹37,891.97 a month",24142.185,,Tamil Nadu,10392.40 - 37891.97 ,10392.0,37891.0,124704.0,454692.0,289698.0,2L-3L
Residential Tutor,"Palghat, Kerala","₹15,784.80 - ₹25,655.16 a month",20719.98,,Kerala,15784.80 - 25655.16 ,15784.0,25655.0,189408.0,307860.0,248634.0,2L-3L
Team Member,"Kolkata, West Bengal","₹8,460.63 - ₹21,434.27 a month",14947.45,,West Bengal,8460.63 - 21434.27 ,8460.0,21434.0,101520.0,257208.0,179364.0,Below 2L
CRE and Agency leader,"Tiruppur, Tamil Nadu","Up to ₹5,50,000 a year",,,Tamil Nadu,Up to 550000,550000.0,,550000.0,,550000.0,Above 5L
Service Advisor,"Tirur, Kerala","₹15,000 - ₹20,000 a month",17500.0,,Kerala,15000 - 20000 ,15000.0,20000.0,180000.0,240000.0,210000.0,2L-3L
Data Validation Associate - Night Shift,Remote,"₹10,000 - ₹15,000 a month",12500.0,Remote,Remote,10000 - 15000 ,10000.0,15000.0,120000.0,180000.0,150000.0,Below 2L
Content writer Intern,Remote,,,Remote,Remote,,,,,,,
Education Counsellor,"Sai Baba Colony, Coimbatore, Tamil Nadu","₹20,000 - ₹40,000 a month",30000.0,Sai Baba Colony,Tamil Nadu,20000 - 40000 ,20000.0,40000.0,240000.0,480000.0,360000.0,3L-5L
Assistant Supervisor,"Greater Noida, Uttar Pradesh","₹15,000 - ₹20,000 a month",17500.0,,Uttar Pradesh,15000 - 20000 ,15000.0,20000.0,180000.0,240000.0,210000.0,2L-3L
Logistics Trainee,"Kochi, Kerala","₹12,000 - ₹14,000 a month",13000.0,,Kerala,12000 - 14000 ,12000.0,14000.0,144000.0,168000.0,156000.0,Below 2L
Digital Marketing Internship,"Thiruvananthapuram, Kerala","From ₹8,000 a month",,,Kerala,From 8000 ,8000.0,,96000.0,,96000.0,Below 2L
Data Entry Operator - Production,"Silvassa, Dadra and Nagar Haveli","₹15,000 - ₹20,000 a month",17500.0,,Dadra and Nagar Haveli,15000 - 20000 ,15000.0,20000.0,180000.0,240000.0,210000.0,2L-3L
Assistant Supervisor,Remote,"₹15,000 - ₹20,000 a month",17500.0,Remote,Remote,15000 - 20000 ,15000.0,20000.0,180000.0,240000.0,210000.0,2L-3L
DATA PROCESSING,"Shastripuram, Agra, Uttar Pradesh","From ₹10,000 a month",,Shastripuram,Uttar Pradesh,From 10000 ,10000.0,,120000.0,,120000.0,Below 2L
Intern - Computer Vision / Deep Learning,Remote,"₹60,000 - ₹1,20,000 a year",90000.0,Remote,Remote,60000 - 120000,60000.0,120000.0,60000.0,120000.0,90000.0,Below 2L
Business Development Executive,Remote,"₹8,000 - ₹10,000 a month",9000.0,Remote,Remote,8000 - 10000 ,8000.0,10000.0,96000.0,120000.0,108000.0,Below 2L
Billing Associate,"Bengaluru, Karnataka",,,,Karnataka,,,,,,,
Team Member,"Kazhakuttam, Kerala","₹10,000 - ₹18,000 a month",14000.0,,Kerala,10000 - 18000 ,10000.0,18000.0,120000.0,216000.0,168000.0,Below 2L
Business Development Associate,"Goregaon, Mumbai, Maharashtra","₹25,000 - ₹30,000 a month",27500.0,Goregaon,Maharashtra,25000 - 30000 ,25000.0,30000.0,300000.0,360000.0,330000.0,3L-5L
Accountant Trainee,"Kochi, Kerala","₹15,000 - ₹30,000 a month",22500.0,,Kerala,15000 - 30000 ,15000.0,30000.0,180000.0,360000.0,270000.0,2L-3L
Brand Face,"Gurugram, Haryana","₹10,000 - ₹30,000 a month",20000.0,,Haryana,10000 - 30000 ,10000.0,30000.0,120000.0,360000.0,240000.0,2L-3L
Content Writing Intern,"Ernakulam District, Kerala",,,,Kerala,,,,,,,
Passenger Services Supervisor,"Bhubaneswar, Orissa","₹19,367.31 - ₹32,480.22 a month",25923.765,,Orissa,19367.31 - 32480.22 ,19367.0,32480.0,232404.0,389760.0,311082.0,3L-5L
Fresher 2023 | Business Analyst,"Chennai, Tamil Nadu",,,,Tamil Nadu,,,,,,,
Video Editor,Remote,"₹8,000 - ₹12,000 a month",10000.0,Remote,Remote,8000 - 12000 ,8000.0,12000.0,96000.0,144000.0,120000.0,Below 2L
Physiotherapist,"Mumbai, Maharashtra","₹12,604.66 - ₹40,233.68 a month",26419.17,,Maharashtra,12604.66 - 40233.68 ,12604.0,40233.0,151248.0,482796.0,317022.0,3L-5L
Online Mathematics Teacher,"Bengaluru, Karnataka",₹200 - ₹500 an hour,,,Karnataka,200 - 500 ,200.0,500.0,584000.0,1460000.0,1022000.0,Above 5L
Freelance Content Writer,Remote,"From ₹9,000 a month",,Remote,Remote,From 9000 ,9000.0,,108000.0,,108000.0,Below 2L
Trainee Auditor,"Mangalore, Karnataka","₹16,500 - ₹20,000 a month",18250.0,,Karnataka,16500 - 20000 ,16500.0,20000.0,198000.0,240000.0,219000.0,2L-3L
International Non Voice Process,"Bengaluru, Karnataka",,,,Karnataka,,,,,,,
PROBATIONARY OFFICER,"Coimbatore, Tamil Nadu","From ₹18,000 a month",,,Tamil Nadu,From 18000 ,18000.0,,216000.0,,216000.0,2L-3L
bell Boy/Girl,"Kodaikanal, Tamil Nadu","From ₹13,000 a month",,,Tamil Nadu,From 13000 ,13000.0,,156000.0,,156000.0,Below 2L
Game Designer - Intern,"Pune, Maharashtra",,,,Maharashtra,,,,,,,
Business Analyst with an Experienced and Freshers also,Puducherry,,,Puducherry,Puducherry,,,,,,,
Exam Invigilator,"Tirupati, Andhra Pradesh","₹10,000 - ₹18,000 a month",14000.0,,Andhra Pradesh,10000 - 18000 ,10000.0,18000.0,120000.0,216000.0,168000.0,Below 2L
HR Recruiter,Remote,"₹12,000 - ₹15,000 a month",13500.0,Remote,Remote,12000 - 15000 ,12000.0,15000.0,144000.0,180000.0,162000.0,Below 2L
Digital Marketing Executives (Freshers),"Calicut, Kerala",,,,Kerala,,,,,,,
Warehouse Executive,"Manali, Chennai, Tamil Nadu","₹12,000 - ₹20,000 a month",16000.0,Manali,Tamil Nadu,12000 - 20000 ,12000.0,20000.0,144000.0,240000.0,192000.0,Below 2L
Billing Executive,"Nilambur, Kerala","₹9,000 - ₹14,000 a month",11500.0,,Kerala,9000 - 14000 ,9000.0,14000.0,108000.0,168000.0,138000.0,Below 2L
Private Tutor,"Bengaluru, Karnataka","₹15,000 - ₹45,000 a month",30000.0,,Karnataka,15000 - 45000 ,15000.0,45000.0,180000.0,540000.0,360000.0,3L-5L
Customer Care Executive - Hindi Must,"Chennai, Tamil Nadu","From ₹15,000 a month",,,Tamil Nadu,From 15000 ,15000.0,,180000.0,,180000.0,Below 2L
EDUCATION COUNSELLOR,"Thrissur, Kerala","₹15,000 - ₹25,000 a month",20000.0,,Kerala,15000 - 25000 ,15000.0,25000.0,180000.0,300000.0,240000.0,2L-3L
Fashion Designer,"Kolkata, West Bengal",,,,West Bengal,,,,,,,
Computer operator,"Barmer, Rajasthan",,,,Rajasthan,,,,,,,
Trainee,Remote,"₹10,000 - ₹12,000 a month",11000.0,Remote,Remote,10000 - 12000 ,10000.0,12000.0,120000.0,144000.0,132000.0,Below 2L
Warehouse Associate,"Kochi, Kerala","₹14,000 - ₹14,787 a month",14393.5,,Kerala,14000 - 14787 ,14000.0,14787.0,168000.0,177444.0,172722.0,Below 2L
Accademic Counsellor,"Thrissur, Kerala","₹12,000 - ₹20,000 a month",16000.0,,Kerala,12000 - 20000 ,12000.0,20000.0,144000.0,240000.0,192000.0,Below 2L
Medical Coder Trainee,"Thiruvananthapuram, Kerala","₹15,000 - ₹25,000 a month",20000.0,,Kerala,15000 - 25000 ,15000.0,25000.0,180000.0,300000.0,240000.0,2L-3L
Fresh Graduate,"Talegaon Dabhade, Pune, Maharashtra","₹17,500 - ₹21,000 a month",19250.0,Talegaon Dabhade,Maharashtra,17500 - 21000 ,17500.0,21000.0,210000.0,252000.0,231000.0,2L-3L
Management Trainee,"Janakpuri, Delhi, Delhi","₹18,000 - ₹25,000 a month",21500.0,Janakpuri,Delhi,18000 - 25000 ,18000.0,25000.0,216000.0,300000.0,258000.0,2L-3L
Customer Service Executive,"Dharmsala, Himachal Pradesh","₹10,000 - ₹12,000 a month",11000.0,,Himachal Pradesh,10000 - 12000 ,10000.0,12000.0,120000.0,144000.0,132000.0,Below 2L
Delivery Drivers / Delivery Executives / Delivery Boys / Freshers,"Ahmedabad, Gujarat","Up to ₹30,000 a month",,,Gujarat,Up to 30000 ,30000.0,,360000.0,,360000.0,3L-5L
Pizza hut- Team Member,"Aluva, Kerala","Up to ₹10,500 a month",,,Kerala,Up to 10500 ,10500.0,,126000.0,,126000.0,Below 2L
Trainee Associate,"Karimnagar, Telangana","₹12,000 - ₹17,000 a month",14500.0,,Telangana,12000 - 17000 ,12000.0,17000.0,144000.0,204000.0,174000.0,Below 2L
Data Entry Executive (delhi only),"Delhi, Delhi","Up to ₹12,500 a month",,,Delhi,Up to 12500 ,12500.0,,150000.0,,150000.0,Below 2L
Trainee Architect,"Delhi, Delhi","₹15,039.68 - ₹67,972.53 a month",41506.105,,Delhi,15039.68 - 67972.53 ,15039.0,67972.0,180468.0,815664.0,498066.0,3L-5L
Delivery Partner/Delivery Executive,"Goa, Goa","₹25,000 - ₹40,000 a month",32500.0,,Goa,25000 - 40000 ,25000.0,40000.0,300000.0,480000.0,390000.0,3L-5L
Research Trainee,"Mumbai, Maharashtra","₹20,000 - ₹25,000 a month",22500.0,,Maharashtra,20000 - 25000 ,20000.0,25000.0,240000.0,300000.0,270000.0,2L-3L
"Graphic Designer (Vesu, Surat)","Athwa, Surat, Gujarat","₹1,75,000 - ₹2,50,000 a year",212500.0,Athwa,Gujarat,175000 - 250000,175000.0,250000.0,175000.0,250000.0,212500.0,2L-3L
Fresher required (operations),"Noida, Uttar Pradesh","₹15,000 - ₹20,000 a month",17500.0,,Uttar Pradesh,15000 - 20000 ,15000.0,20000.0,180000.0,240000.0,210000.0,2L-3L
"High School Teacher, IT","Himayatnagar, Hyderabad, Telangana","From ₹15,000 a month",,Himayatnagar,Telangana,From 15000 ,15000.0,,180000.0,,180000.0,Below 2L
Trainee Digital Marketer,Kerala,"₹5,000 - ₹7,000 a month",6000.0,Kerala,Kerala,5000 - 7000 ,5000.0,7000.0,60000.0,84000.0,72000.0,Below 2L
Video Editor,"Kochi, Kerala","₹15,000 - ₹20,000 a month",17500.0,,Kerala,15000 - 20000 ,15000.0,20000.0,180000.0,240000.0,210000.0,2L-3L
Wardens,"Bengaluru, Karnataka",,,,Karnataka,,,,,,,
Sand plant operator(Fresher also can apply)Location- Howrah,"Howrah, West Bengal","₹15,000 - ₹17,000 a month",16000.0,,West Bengal,15000 - 17000 ,15000.0,17000.0,180000.0,204000.0,192000.0,Below 2L
Recruiter (0-2 YEARS),Remote,,,Remote,Remote,,,,,,,
DSMH-HIRING-,India,"₹2,56,870 - ₹2,56,874 a year",256872.0,India,India,256870 - 256874,256870.0,256874.0,256870.0,256874.0,256872.0,2L-3L
Option Trader,"Mumbai, Maharashtra",,,,Maharashtra,,,,,,,
Trainee IPQA,"Baddi, Himachal Pradesh","₹1,00,000 - ₹2,00,000 a year",150000.0,,Himachal Pradesh,100000 - 200000,100000.0,200000.0,100000.0,200000.0,150000.0,Below 2L
QC (Apparel/Garment),"Tiruppur, Tamil Nadu","₹12,000 - ₹18,000 a month",15000.0,,Tamil Nadu,12000 - 18000 ,12000.0,18000.0,144000.0,216000.0,180000.0,Below 2L
Cashier,"Kazhakoottam, Thiruvananthapuram, Kerala","₹9,000 - ₹15,000 a month",12000.0,Kazhakoottam,Kerala,9000 - 15000 ,9000.0,15000.0,108000.0,180000.0,144000.0,Below 2L
Business Development Associate,"Pune, Maharashtra","₹20,585.48 - ₹39,150.69 a month",29868.085,,Maharashtra,20585.48 - 39150.69 ,20585.0,39150.0,247020.0,469800.0,358410.0,3L-5L
Business Associate,"Sahibganj, Jharkhand","From ₹22,000 a month",,,Jharkhand,From 22000 ,22000.0,,264000.0,,264000.0,2L-3L
HR Intern,Remote,"₹3,000 - ₹6,000 a month",4500.0,Remote,Remote,3000 - 6000 ,3000.0,6000.0,36000.0,72000.0,54000.0,Below 2L
MEDICAL REPRESENTATIVE,"Kochi, Kerala","From ₹20,00,000 a year",,,Kerala,From 2000000,2000000.0,,2000000.0,,2000000.0,Above 5L
Content Strategist & Writer,Remote,₹60 an hour,,Remote,Remote,60 ,60.0,,175200.0,,175200.0,Below 2L
Fresher-Bcom,"Delhi, Delhi","₹15,000 - ₹20,000 a month",17500.0,,Delhi,15000 - 20000 ,15000.0,20000.0,180000.0,240000.0,210000.0,2L-3L
Manager - Activation,"Tezpur, Assam",,,,Assam,,,,,,,
Business Analyst Fresher,"Goregaon, Mumbai, Maharashtra","₹1,80,000 a year",180000.0,Goregaon,Maharashtra,180000,180000.0,,180000.0,,180000.0,Below 2L
Non Voice Chat Process,"Badli, Delhi, Delhi","₹14,500 - ₹19,500 a month",17000.0,Badli,Delhi,14500 - 19500 ,14500.0,19500.0,174000.0,234000.0,204000.0,2L-3L
General engineer trainee,"Erode, Tamil Nadu","₹15,000 - ₹22,000 a month",18500.0,,Tamil Nadu,15000 - 22000 ,15000.0,22000.0,180000.0,264000.0,222000.0,2L-3L
Physiotherapy Germany,"Greater Noida, Uttar Pradesh","₹2,00,000 - ₹2,50,000 a month",225000.0,,Uttar Pradesh,200000 - 250000 ,200000.0,250000.0,2400000.0,3000000.0,2700000.0,Above 5L
Fresher Front End Developer,"Indore, Madhya Pradesh",,,,Madhya Pradesh,,,,,,,
Facilitator,"Ashoknagar, Madhya Pradesh","From ₹12,000 a month",,,Madhya Pradesh,From 12000 ,12000.0,,144000.0,,144000.0,Below 2L
FRESHERS – TELECALLERS,"Hyderabad, Telangana",,,,Telangana,,,,,,,
Office Assistant,"Habra, West Bengal","₹7,000 - ₹8,000 a month",7500.0,,West Bengal,7000 - 8000 ,7000.0,8000.0,84000.0,96000.0,90000.0,Below 2L
PSM,"Jaipur, Rajasthan",,,,Rajasthan,,,,,,,
Management Trainee,"Delhi, Delhi","₹23,082 - ₹60,000 a month",41541.0,,Delhi,23082 - 60000 ,23082.0,60000.0,276984.0,720000.0,498492.0,3L-5L
Trainee Store,"Vypin, Kerala","From ₹10,000 a month",,,Kerala,From 10000 ,10000.0,,120000.0,,120000.0,Below 2L
QC- Jr. Officer,"Pune, Maharashtra",,,,Maharashtra,,,,,,,
Website Designer & Developer,"Namakkal, Tamil Nadu","₹1,20,000 - ₹6,00,000 a year",360000.0,,Tamil Nadu,120000 - 600000,120000.0,600000.0,120000.0,600000.0,360000.0,3L-5L
Store In-charge,"Runkata, Agra, Uttar Pradesh","From ₹13,000 a month",,Runkata,Uttar Pradesh,From 13000 ,13000.0,,156000.0,,156000.0,Below 2L
fresher's PUC and Graduates,"Bengaluru, Karnataka",,,,Karnataka,,,,,,,
PHP Trainee/ Fresher,"Jaipur, Rajasthan",,,,Rajasthan,,,,,,,
SEO Fresher/Trainee,"Faridabad, Haryana",,,,Haryana,,,,,,,
Operations executive,"Domlur, Bengaluru, Karnataka","₹22,000 - ₹26,000 a month",24000.0,Domlur,Karnataka,22000 - 26000 ,22000.0,26000.0,264000.0,312000.0,288000.0,2L-3L
Intern - Software Development [Fresher],"Bengaluru, Karnataka",,,,Karnataka,,,,,,,
Trainee Web Developer,"Coimbatore, Tamil Nadu",,,,Tamil Nadu,,,,,,,
Business Development,"Thane, Maharashtra","₹11,957.98 - ₹52,489.13 a month",32223.555,,Maharashtra,11957.98 - 52489.13 ,11957.0,52489.0,143484.0,629868.0,386676.0,3L-5L
Trainee - Quality,"Delhi, Delhi","₹17,000 - ₹35,000 a month",26000.0,,Delhi,17000 - 35000 ,17000.0,35000.0,204000.0,420000.0,312000.0,3L-5L
Modelling,"Mumbai, Maharashtra","₹30,000 - ₹45,000 a month",37500.0,,Maharashtra,30000 - 45000 ,30000.0,45000.0,360000.0,540000.0,450000.0,3L-5L
HR Intern,Remote,"₹6,086 - ₹20,000 a month",13043.0,Remote,Remote,6086 - 20000 ,6086.0,20000.0,73032.0,240000.0,156516.0,Below 2L
Computer Hardware & Networking Engineer,"Kochi, Kerala","₹5,000 - ₹6,500 a month",5750.0,,Kerala,5000 - 6500 ,5000.0,6500.0,60000.0,78000.0,69000.0,Below 2L
Technical Marketing,"Bengaluru, Karnataka","₹4,50,000 a year",450000.0,,Karnataka,450000,450000.0,,450000.0,,450000.0,3L-5L
Industrial Trainee - Coffee,"Kushalnagar, Karnataka",,,,Karnataka,,,,,,,
"Data Entry (Fresher), Tiruppur","Tiruppur, Tamil Nadu","₹11,000 - ₹13,000 a month",12000.0,,Tamil Nadu,11000 - 13000 ,11000.0,13000.0,132000.0,156000.0,144000.0,Below 2L
Staff Trainee,"Amroha, Uttar Pradesh","₹1,25,000 - ₹2,00,000 a year",162500.0,,Uttar Pradesh,125000 - 200000,125000.0,200000.0,125000.0,200000.0,162500.0,Below 2L
Video Editor in Coimbatore,"Coimbatore, Tamil Nadu","₹8,000 - ₹20,000 a month",14000.0,,Tamil Nadu,8000 - 20000 ,8000.0,20000.0,96000.0,240000.0,168000.0,Below 2L
Unit Coordinator,"Yadgir, Karnataka","Up to ₹20,000 a month",,,Karnataka,Up to 20000 ,20000.0,,240000.0,,240000.0,2L-3L
Web Developer Trainees (Freshers),"Calicut, Kerala",,,,Kerala,,,,,,,
Office Assistant,"Kochi, Kerala","₹8,086 - ₹12,000 a month",10043.0,,Kerala,8086 - 12000 ,8086.0,12000.0,97032.0,144000.0,120516.0,Below 2L
Software Trainee,"Thiruvananthapuram, Kerala",,,,Kerala,,,,,,,
Trainee Executive,"Bengaluru, Karnataka",,,,Karnataka,,,,,,,
Business Development Associate,"Coimbatore, Tamil Nadu","₹15,000 - ₹40,000 a month",27500.0,,Tamil Nadu,15000 - 40000 ,15000.0,40000.0,180000.0,480000.0,330000.0,3L-5L
Looking for Course Counsellors/Tele callers on Commission Basis,"Kayankulam, Kerala","₹20,000 - ₹80,000 a month",50000.0,,Kerala,20000 - 80000 ,20000.0,80000.0,240000.0,960000.0,600000.0,Above 5L
Software Trainee,"Thiruvananthapuram District, Kerala","₹5,000 - ₹8,000 a month",6500.0,,Kerala,5000 - 8000 ,5000.0,8000.0,60000.0,96000.0,78000.0,Below 2L
Trainee,"Perungudi, Chennai, Tamil Nadu","₹15,000 - ₹18,000 a month",16500.0,Perungudi,Tamil Nadu,15000 - 18000 ,15000.0,18000.0,180000.0,216000.0,198000.0,Below 2L
Opening for Delivery Partner,"Kottayam, Kerala","From ₹20,086 a month",,,Kerala,From 20086 ,20086.0,,241032.0,,241032.0,2L-3L
Trainee,"Coimbatore, Tamil Nadu",,,,Tamil Nadu,,,,,,,
Service Engineer(Trainee),"Gurugram, Haryana",,,,Haryana,,,,,,,
Business Development Associate,Remote,"₹10,813.14 - ₹39,892.82 a month",25352.98,Remote,Remote,10813.14 - 39892.82 ,10813.0,39892.0,129756.0,478704.0,304230.0,3L-5L
Accounting Faculty,"Tiruvalla, Kerala","₹10,000 - ₹13,000 a month",11500.0,,Kerala,10000 - 13000 ,10000.0,13000.0,120000.0,156000.0,138000.0,Below 2L
Production Co-ordinator,"Mumbai, Maharashtra","₹8,000 - ₹25,000 a month",16500.0,,Maharashtra,8000 - 25000 ,8000.0,25000.0,96000.0,300000.0,198000.0,Below 2L
Female Allocation Executive,"Kochi, Kerala","₹20,000 - ₹23,000 a month",21500.0,,Kerala,20000 - 23000 ,20000.0,23000.0,240000.0,276000.0,258000.0,2L-3L
Delivery Executive/Delivery Partner,"Gurugram, Haryana","₹18,000 - ₹35,000 a month",26500.0,,Haryana,18000 - 35000 ,18000.0,35000.0,216000.0,420000.0,318000.0,3L-5L
Electrical Assembler,"Coimbatore, Tamil Nadu","₹20,000 a month",20000.0,,Tamil Nadu,20000 ,20000.0,,240000.0,,240000.0,2L-3L
Architect,"Ahmedabad, Gujarat","₹18,000 - ₹35,000 a month",26500.0,,Gujarat,18000 - 35000 ,18000.0,35000.0,216000.0,420000.0,318000.0,3L-5L
Sales Officer (SO),"Alleppey, Kerala","₹18,000 - ₹22,000 a month",20000.0,,Kerala,18000 - 22000 ,18000.0,22000.0,216000.0,264000.0,240000.0,2L-3L
Project Assistant,"Attur, Tamil Nadu","₹12,937.04 - ₹15,000.00 a month",13968.52,,Tamil Nadu,12937.04 - 15000.00 ,12937.0,15000.0,155244.0,180000.0,167622.0,Below 2L
Content Writer-Remote,"Calicut, Kerala","₹2,00,000 - ₹3,00,000 a year",250000.0,,Kerala,200000 - 300000,200000.0,300000.0,200000.0,300000.0,250000.0,2L-3L
Customer Relationship Executive - B2B,"Thiruvananthapuram, Kerala","₹14,000 - ₹20,000 a month",17000.0,,Kerala,14000 - 20000 ,14000.0,20000.0,168000.0,240000.0,204000.0,2L-3L
Office Assistant,"Kochi, Kerala","₹8,086.00 - ₹22,552.53 a month",15319.265,,Kerala,8086.00 - 22552.53 ,8086.0,22552.0,97032.0,270624.0,183828.0,Below 2L
Air Conditioning Technician,"Ambawadi, Ahmedabad, Gujarat","Up to ₹50,000 a month",,Ambawadi,Gujarat,Up to 50000 ,50000.0,,600000.0,,600000.0,Above 5L
FRESHER graduate (Any Field),"Jagnath Plot, Rajkot, Gujarat","₹1,20,000 - ₹3,50,000 a year",235000.0,Jagnath Plot,Gujarat,120000 - 350000,120000.0,350000.0,120000.0,350000.0,235000.0,2L-3L
Purchase Assistant,"Tiruppur, Tamil Nadu","₹13,000 a month",13000.0,,Tamil Nadu,13000 ,13000.0,,156000.0,,156000.0,Below 2L
Badminton Coach,"Bengaluru, Karnataka","From ₹20,000 a month",,,Karnataka,From 20000 ,20000.0,,240000.0,,240000.0,2L-3L
AutoCAD Draftsman,"Gundavali, Mumbai, Maharashtra","₹10,000 - ₹20,000 a month",15000.0,Gundavali,Maharashtra,10000 - 20000 ,10000.0,20000.0,120000.0,240000.0,180000.0,Below 2L
"Staff Nurse,ANM, GNM,","Chennai, Tamil Nadu","₹10,000 - ₹15,000 a month",12500.0,,Tamil Nadu,10000 - 15000 ,10000.0,15000.0,120000.0,180000.0,150000.0,Below 2L
WANTED B.E CIVIL CANDIDATES WITH CAD KNOWLEDGE,"Simmakkal, Madurai, Tamil Nadu","₹12,000 - ₹22,000 a month",17000.0,Simmakkal,Tamil Nadu,12000 - 22000 ,12000.0,22000.0,144000.0,264000.0,204000.0,2L-3L
Digital Marketing Specialist,"Chandigarh, Chandigarh","₹1,80,000 - ₹3,00,000 a year",240000.0,,Chandigarh,180000 - 300000,180000.0,300000.0,180000.0,300000.0,240000.0,2L-3L
Spot Offer for Customer Support Executive,"Teynampet, Chennai, Tamil Nadu","₹11,000 - ₹17,000 a month",14000.0,Teynampet,Tamil Nadu,11000 - 17000 ,11000.0,17000.0,132000.0,204000.0,168000.0,Below 2L
Associate Sales Manager,"Vashi, Navi Mumbai, Maharashtra","From ₹20,000 a month",,Vashi,Maharashtra,From 20000 ,20000.0,,240000.0,,240000.0,2L-3L
Assembly Line Operator,"Chennai, Tamil Nadu","₹13,000 - ₹15,000 a month",14000.0,,Tamil Nadu,13000 - 15000 ,13000.0,15000.0,156000.0,180000.0,168000.0,Below 2L
Field Marketing Executive,"Egmore, Chennai, Tamil Nadu","₹9,838.25 - ₹27,777.89 a month",18808.07,Egmore,Tamil Nadu,9838.25 - 27777.89 ,9838.0,27777.0,118056.0,333324.0,225690.0,2L-3L
Receptionist (Female),"Navlakha, Indore, Madhya Pradesh","₹10,000 - ₹12,000 a month",11000.0,Navlakha,Madhya Pradesh,10000 - 12000 ,10000.0,12000.0,120000.0,144000.0,132000.0,Below 2L
Doctor,"Bellary, Karnataka","₹20,000 - ₹25,000 a month",22500.0,,Karnataka,20000 - 25000 ,20000.0,25000.0,240000.0,300000.0,270000.0,2L-3L
Delivery Drivers / Delivery Executives / Delivery Boys / Freshers,"Chandigarh, Chandigarh","Up to ₹30,000 a month",,,Chandigarh,Up to 30000 ,30000.0,,360000.0,,360000.0,3L-5L
Staff Nurse- Female,"Chennai, Tamil Nadu","₹15,000 - ₹20,000 a month",17500.0,,Tamil Nadu,15000 - 20000 ,15000.0,20000.0,180000.0,240000.0,210000.0,2L-3L
Business Development Executive (BDE),"Kochi, Kerala","₹13,000 - ₹15,000 a month",14000.0,,Kerala,13000 - 15000 ,13000.0,15000.0,156000.0,180000.0,168000.0,Below 2L
Customer Service Representative,"Indore, Madhya Pradesh","₹10,000 - ₹15,000 a month",12500.0,,Madhya Pradesh,10000 - 15000 ,10000.0,15000.0,120000.0,180000.0,150000.0,Below 2L
Staff Nurse,"Kottayam, Kerala","From ₹20,000 a month",,,Kerala,From 20000 ,20000.0,,240000.0,,240000.0,2L-3L
Female Customer Care Executive (Surat),"Surat, Gujarat","₹10,000 - ₹16,000 a month",13000.0,,Gujarat,10000 - 16000 ,10000.0,16000.0,120000.0,192000.0,156000.0,Below 2L
Sales Representative,"Uppal Kalan, Hyderabad, Telangana","₹10,000 - ₹15,000 a month",12500.0,Uppal Kalan,Telangana,10000 - 15000 ,10000.0,15000.0,120000.0,180000.0,150000.0,Below 2L
Travel Consultant (FEMALE ONLY),"Jetalpur, Vadodara, Gujarat","₹15,000 - ₹25,000 a month",20000.0,Jetalpur,Gujarat,15000 - 25000 ,15000.0,25000.0,180000.0,300000.0,240000.0,2L-3L
Digital Marketing Executive,"Zirakpur, Punjab","₹6,000 - ₹8,000 a month",7000.0,,Punjab,6000 - 8000 ,6000.0,8000.0,72000.0,96000.0,84000.0,Below 2L
Lead Generation Specialist,"Bengaluru, Karnataka","₹2,40,000 - ₹3,20,000 a year",280000.0,,Karnataka,240000 - 320000,240000.0,320000.0,240000.0,320000.0,280000.0,2L-3L
Assembly Technician cum Winding Technician,"Karur, Tamil Nadu","₹12,000 - ₹15,000 a month",13500.0,,Tamil Nadu,12000 - 15000 ,12000.0,15000.0,144000.0,180000.0,162000.0,Below 2L
Business Development Associate,"Chinchwad, Pune, Maharashtra","From ₹15,000 a month",,Chinchwad,Maharashtra,From 15000 ,15000.0,,180000.0,,180000.0,Below 2L
డెలివరీ ఎగ్జిక్యూటివ్ / డెలివరీ భాగస్వామి,"Hyderabad, Telangana","₹18,000 - ₹35,000 a month",26500.0,,Telangana,18000 - 35000 ,18000.0,35000.0,216000.0,420000.0,318000.0,3L-5L
Urgent Requirements of CHEMISTRY Teacher for NEET & JEE Main level,"Pune, Maharashtra","₹3,60,000 - ₹6,00,000 a year",480000.0,,Maharashtra,360000 - 600000,360000.0,600000.0,360000.0,600000.0,480000.0,3L-5L
Digital Marketing Specialist,"Gurugram, Haryana","₹20,000 - ₹30,000 a month",25000.0,,Haryana,20000 - 30000 ,20000.0,30000.0,240000.0,360000.0,300000.0,2L-3L
Field Executive,"Ahmedabad, Gujarat","₹10,000 - ₹12,000 a month",11000.0,,Gujarat,10000 - 12000 ,10000.0,12000.0,120000.0,144000.0,132000.0,Below 2L
Telecaller Executive,"Gurugram, Haryana","₹8,000 - ₹15,000 a month",11500.0,,Haryana,8000 - 15000 ,8000.0,15000.0,96000.0,180000.0,138000.0,Below 2L
Bussiness Development Executive,"Ashok Nagar, Ranchi, Jharkhand","₹8,000 - ₹15,000 a month",11500.0,Ashok Nagar,Jharkhand,8000 - 15000 ,8000.0,15000.0,96000.0,180000.0,138000.0,Below 2L
Inbound Banking Hindi Voice Process,"Teynampet, Chennai, Tamil Nadu","₹14,000 - ₹16,000 a month",15000.0,Teynampet,Tamil Nadu,14000 - 16000 ,14000.0,16000.0,168000.0,192000.0,180000.0,Below 2L
Consultant Doctor,"Salem, Tamil Nadu","₹20,000 - ₹25,000 a month",22500.0,,Tamil Nadu,20000 - 25000 ,20000.0,25000.0,240000.0,300000.0,270000.0,2L-3L
Architectural Draftsperson,"Nikol, Ahmedabad, Gujarat","₹8,000 - ₹25,000 a month",16500.0,Nikol,Gujarat,8000 - 25000 ,8000.0,25000.0,96000.0,300000.0,198000.0,Below 2L
Sales and Customer Service Executive,"Nungambakkam High Road, Chennai, Tamil Nadu","₹18,000 - ₹22,000 a month",20000.0,Nungambakkam High Road,Tamil Nadu,18000 - 22000 ,18000.0,22000.0,216000.0,264000.0,240000.0,2L-3L
Fashion Designer(Female) as a FASHION CONSULTANT for a Retail Store,"R.S.Puram West, Tamil Nadu","From ₹12,000 a month",,,Tamil Nadu,From 12000 ,12000.0,,144000.0,,144000.0,Below 2L
Aesthetic Surgeon,"T Nagar, Chennai, Tamil Nadu","₹45,000 - ₹50,000 a month",47500.0,T Nagar,Tamil Nadu,45000 - 50000 ,45000.0,50000.0,540000.0,600000.0,570000.0,Above 5L
Robotics / STEM Trainer,"Jaipur, Rajasthan","₹1,80,000 - ₹4,80,000 a year",330000.0,,Rajasthan,180000 - 480000,180000.0,480000.0,180000.0,480000.0,330000.0,3L-5L
Diploma Mechanical Engineer - Design Engineer Trainee,"Coimbatore, Tamil Nadu","₹13,000 - ₹15,000 a month",14000.0,,Tamil Nadu,13000 - 15000 ,13000.0,15000.0,156000.0,180000.0,168000.0,Below 2L
Business Development Executive (BDE),"Bopal, Ahmedabad, Gujarat","₹15,000 - ₹35,000 a month",25000.0,Bopal,Gujarat,15000 - 35000 ,15000.0,35000.0,180000.0,420000.0,300000.0,2L-3L
Admission Counselor/ Telecaler Executive,"Chandigarh, Chandigarh","From ₹15,000 a month",,,Chandigarh,From 15000 ,15000.0,,180000.0,,180000.0,Below 2L
Sales Staff,"Chennai, Tamil Nadu","₹15,000 - ₹16,000 a month",15500.0,,Tamil Nadu,15000 - 16000 ,15000.0,16000.0,180000.0,192000.0,186000.0,Below 2L
STUDY ABROAD Admission Process Associate,"Kochi, Kerala","₹8,000 - ₹15,000 a month",11500.0,,Kerala,8000 - 15000 ,8000.0,15000.0,96000.0,180000.0,138000.0,Below 2L
Production Supervisor,"Rajkot, Gujarat","From ₹10,000 a month",,,Gujarat,From 10000 ,10000.0,,120000.0,,120000.0,Below 2L
Delivery Partner/Delivery Executive,"Bhubaneswar, Orissa","₹25,000 - ₹40,000 a month",32500.0,,Orissa,25000 - 40000 ,25000.0,40000.0,300000.0,480000.0,390000.0,3L-5L
Software Sales Executive,"Calicut, Kerala","₹8,587.91 - ₹33,638.68 a month",21113.295,,Kerala,8587.91 - 33638.68 ,8587.0,33638.0,103044.0,403656.0,253350.0,2L-3L
Tele Caller Executive,"New Alipur, Kolkata, West Bengal","₹8,000 - ₹12,500 a month",10250.0,New Alipur,West Bengal,8000 - 12500 ,8000.0,12500.0,96000.0,150000.0,123000.0,Below 2L
Need STUDY/TOURIST visa Councellor,"Ghumar Mandi, Ludhiana, Punjab","From ₹25,000 a month",,Ghumar Mandi,Punjab,From 25000 ,25000.0,,300000.0,,300000.0,2L-3L
Tele Calling Executive,"Ashoknagar, Bengaluru, Karnataka","₹15,000 - ₹20,000 a month",17500.0,Ashoknagar,Karnataka,15000 - 20000 ,15000.0,20000.0,180000.0,240000.0,210000.0,2L-3L
Territory Sales Officer,"Athgaon, Guwahati, Assam","₹15,000 - ₹21,000 a month",18000.0,Athgaon,Assam,15000 - 21000 ,15000.0,21000.0,180000.0,252000.0,216000.0,2L-3L
Draughtsman Mechanical,"Talawade, Pune, Maharashtra","₹10,000 - ₹18,000 a month",14000.0,Talawade,Maharashtra,10000 - 18000 ,10000.0,18000.0,120000.0,216000.0,168000.0,Below 2L
Business Development Executive,"Vadodara, Gujarat","₹10,000 - ₹36,000 a month",23000.0,,Gujarat,10000 - 36000 ,10000.0,36000.0,120000.0,432000.0,276000.0,2L-3L
Restaurant Staff,"Vizhinjam, Thiruvananthapuram, Kerala","₹15,000 - ₹40,000 a month",27500.0,Vizhinjam,Kerala,15000 - 40000 ,15000.0,40000.0,180000.0,480000.0,330000.0,3L-5L
Aesthetic Surgeon,"Visakhapatnam, Andhra Pradesh","₹45,000 - ₹50,000 a month",47500.0,,Andhra Pradesh,45000 - 50000 ,45000.0,50000.0,540000.0,600000.0,570000.0,Above 5L
JUNIOR ARCHITECT,"Salt Lake City, West Bengal","₹15,000 - ₹25,000 a month",20000.0,,West Bengal,15000 - 25000 ,15000.0,25000.0,180000.0,300000.0,240000.0,2L-3L
Delivery Partner/Delivery Executive,"Kolkata, West Bengal","₹15,000 - ₹35,000 a month",25000.0,,West Bengal,15000 - 35000 ,15000.0,35000.0,180000.0,420000.0,300000.0,2L-3L
Interior Designer,"Mumbai, Maharashtra","₹1,80,000 - ₹3,00,000 a year",240000.0,,Maharashtra,180000 - 300000,180000.0,300000.0,180000.0,300000.0,240000.0,2L-3L
"Inside Sales Account Manager - - Preferred from Hyderabad, TS","Hyderabad, Telangana","₹2,00,000 - ₹3,00,000 a year",250000.0,,Telangana,200000 - 300000,200000.0,300000.0,200000.0,300000.0,250000.0,2L-3L
Community Associate (Social Worker),"Kochi, Kerala","₹12,000 - ₹25,000 a month",18500.0,,Kerala,12000 - 25000 ,12000.0,25000.0,144000.0,300000.0,222000.0,2L-3L
Tele Marketing Executive,"Anna Nagar East, Chennai, Tamil Nadu","₹15,000 - ₹20,000 a month",17500.0,Anna Nagar East,Tamil Nadu,15000 - 20000 ,15000.0,20000.0,180000.0,240000.0,210000.0,2L-3L
Customer Relationship Executive (for Rajkot candidate only),"Rajkot, Gujarat","₹10,000 - ₹25,000 a month",17500.0,,Gujarat,10000 - 25000 ,10000.0,25000.0,120000.0,300000.0,210000.0,2L-3L
Business Development Officer,"Bengaluru, Karnataka","₹11,025.27 - ₹30,000.00 a month",20512.635,,Karnataka,11025.27 - 30000.00 ,11025.0,30000.0,132300.0,360000.0,246150.0,2L-3L
Delivery Executive/Delivery Partner,"Noida, Uttar Pradesh","₹18,000 - ₹35,000 a month",26500.0,,Uttar Pradesh,18000 - 35000 ,18000.0,35000.0,216000.0,420000.0,318000.0,3L-5L
Staff Nurse (Dermatology; Nungambakkam Chennai),"Nungambakkam, Chennai, Tamil Nadu","₹14,000 - ₹30,000 a month",22000.0,Nungambakkam,Tamil Nadu,14000 - 30000 ,14000.0,30000.0,168000.0,360000.0,264000.0,2L-3L
Junior Landscape Architect,"Bengaluru, Karnataka","From ₹18,000 a month",,,Karnataka,From 18000 ,18000.0,,216000.0,,216000.0,2L-3L
Stock Market Trader,"Gurugram, Haryana","₹50,000 - ₹2,00,000 a year",125000.0,,Haryana,50000 - 200000,50000.0,200000.0,50000.0,200000.0,125000.0,Below 2L
Sales executive-(MBA Freshers),"Kochi, Kerala","₹15,000 - ₹20,000 a month",17500.0,,Kerala,15000 - 20000 ,15000.0,20000.0,180000.0,240000.0,210000.0,2L-3L
Sales Executive / Sales Manager - Real Estate,"Kochi, Kerala","₹20,000 - ₹30,000 a month",25000.0,,Kerala,20000 - 30000 ,20000.0,30000.0,240000.0,360000.0,300000.0,2L-3L
Junior Sales and Marketing Executive (Healthcare),"Pune, Maharashtra","₹15,000 - ₹20,000 a month",17500.0,,Maharashtra,15000 - 20000 ,15000.0,20000.0,180000.0,240000.0,210000.0,2L-3L
Hairdresser,"Rajarajeshwari Nagar, Bengaluru, Karnataka","₹18,000 - ₹22,000 a month",20000.0,Rajarajeshwari Nagar,Karnataka,18000 - 22000 ,18000.0,22000.0,216000.0,264000.0,240000.0,2L-3L
Commis Chef,"Andheri West, Mumbai, Maharashtra","₹9,686.71 - ₹23,431.79 a month",16559.25,Andheri West,Maharashtra,9686.71 - 23431.79 ,9686.0,23431.0,116232.0,281172.0,198702.0,Below 2L
Inside Sales Executive,"Vastrapur, Ahmedabad, Gujarat","₹15,000 - ₹25,000 a month",20000.0,Vastrapur,Gujarat,15000 - 25000 ,15000.0,25000.0,180000.0,300000.0,240000.0,2L-3L
Site Engineer,"Nandanam, Chennai, Tamil Nadu","From ₹15,000 a month",,Nandanam,Tamil Nadu,From 15000 ,15000.0,,180000.0,,180000.0,Below 2L
Sales & Marketing Assistant manager,"Surat, Gujarat","₹18,000 - ₹20,000 a month",19000.0,,Gujarat,18000 - 20000 ,18000.0,20000.0,216000.0,240000.0,228000.0,2L-3L
Trainee,"Navadwip, West Bengal","₹10,000 - ₹12,000 a month",11000.0,,West Bengal,10000 - 12000 ,10000.0,12000.0,120000.0,144000.0,132000.0,Below 2L
Lead Generation Executive,"Mumbai, Maharashtra","₹10,000 - ₹13,000 a month",11500.0,,Maharashtra,10000 - 13000 ,10000.0,13000.0,120000.0,156000.0,138000.0,Below 2L
Sales & Marketing Assistant manager,"Mumbai, Maharashtra","₹20,000 - ₹22,000 a month",21000.0,,Maharashtra,20000 - 22000 ,20000.0,22000.0,240000.0,264000.0,252000.0,2L-3L
Physiotherapist,"Madurai, Tamil Nadu","₹8,086.00 - ₹29,664.21 a month",18875.105,,Tamil Nadu,8086.00 - 29664.21 ,8086.0,29664.0,97032.0,355968.0,226500.0,2L-3L
Site Engineer,"Pimpri-Chinchwad, Maharashtra","₹10,601.15 - ₹15,000.00 a month",12800.575,,Maharashtra,10601.15 - 15000.00 ,10601.0,15000.0,127212.0,180000.0,153606.0,Below 2L
Renewals Executive,"Mumbai, Maharashtra","₹10,000 - ₹13,000 a month",11500.0,,Maharashtra,10000 - 13000 ,10000.0,13000.0,120000.0,156000.0,138000.0,Below 2L
Electrical Engineer,"Thrissur, Kerala","₹15,000 - ₹20,000 a month",17500.0,,Kerala,15000 - 20000 ,15000.0,20000.0,180000.0,240000.0,210000.0,2L-3L
Field Sales Representative,"Karvenagar, Pune, Maharashtra","₹20,000 - ₹35,000 a month",27500.0,Karvenagar,Maharashtra,20000 - 35000 ,20000.0,35000.0,240000.0,420000.0,330000.0,3L-5L
Café All Rounder/Barista/Tea House Chef,"Tiruchchirappalli, Tamil Nadu","From ₹12,000 a month",,,Tamil Nadu,From 12000 ,12000.0,,144000.0,,144000.0,Below 2L
Beauty and Massage Therapist,"Chennai, Tamil Nadu","From ₹20,000 a month",,,Tamil Nadu,From 20000 ,20000.0,,240000.0,,240000.0,2L-3L
Back Office Executive (Operations Insurance),"Ujjain, Madhya Pradesh","₹10,500 - ₹20,000 a month",15250.0,,Madhya Pradesh,10500 - 20000 ,10500.0,20000.0,126000.0,240000.0,183000.0,Below 2L
Business Development Executive (Freshers & Experienced),"Chandigarh, Chandigarh",,,,Chandigarh,,,,,,,
Sales & Marketing Manager,"Kolkata, West Bengal","Up to ₹35,000 a month",,,West Bengal,Up to 35000 ,35000.0,,420000.0,,420000.0,3L-5L
Sales & Marketing Officer,"Kochi, Kerala","₹15,000 - ₹18,000 a month",16500.0,,Kerala,15000 - 18000 ,15000.0,18000.0,180000.0,216000.0,198000.0,Below 2L
Field Sales Representative,"Bengaluru, Karnataka","₹15,000 - ₹25,000 a month",20000.0,,Karnataka,15000 - 25000 ,15000.0,25000.0,180000.0,300000.0,240000.0,2L-3L
